Afternoon In Paris,557 Standards Realbook.pdf,9
After You've Gone,557 Standards Realbook.pdf,9
Ain't Misbehavin',557 Standards Realbook.pdf,10
Ain't She Sweet,557 Standards Realbook.pdf,11
Airegin,557 Standards Realbook.pdf,12
Alfie's Theme,557 Standards Realbook.pdf,12
Alice In Wonderland,557 Standards Realbook.pdf,13
All Blues,557 Standards Realbook.pdf,14
All God's Chillun Got Rhythm,557 Standards Realbook.pdf,14
All Of Me,557 Standards Realbook.pdf,15
All Of You,557 Standards Realbook.pdf,15
All The Things You Are,557 Standards Realbook.pdf,17
Almost Like Being In Love,557 Standards Realbook.pdf,16
Alone Together,557 Standards Realbook.pdf,18
Along Came Betty,557 Standards Realbook.pdf,19
Always,557 Standards Realbook.pdf,21
Am I Blue,557 Standards Realbook.pdf,21
Angel Eyes,557 Standards Realbook.pdf,20
Anthropology,557 Standards Realbook.pdf,23
Anything Goes,557 Standards Realbook.pdf,27
April In Paris,557 Standards Realbook.pdf,23
April Showers,557 Standards Realbook.pdf,8
Are You Real,557 Standards Realbook.pdf,22
As Long As I Live,557 Standards Realbook.pdf,25
As Time Goes By,557 Standards Realbook.pdf,25
At Long Last Love,557 Standards Realbook.pdf,27
Au Privave,557 Standards Realbook.pdf,24
Autumn In New York,557 Standards Realbook.pdf,29
Autumn Leaves,557 Standards Realbook.pdf,28
Avalon,557 Standards Realbook.pdf,26
Bags Grove,557 Standards Realbook.pdf,31
Barbados,557 Standards Realbook.pdf,32
Basin Street Blues,557 Standards Realbook.pdf,31
Baubles Bangles And Beads,557 Standards Realbook.pdf,33
Beautiful Friendship (A),557 Standards Realbook.pdf,33
Beautiful Love,557 Standards Realbook.pdf,34
Bemsha Swing,557 Standards Realbook.pdf,37
Be My Love,557 Standards Realbook.pdf,35
Bernie's Tune,557 Standards Realbook.pdf,35
Best Thing For You (The),557 Standards Realbook.pdf,30
Between The Devil And The Deep Blue Sea,557 Standards Realbook.pdf,36
Bewitched,557 Standards Realbook.pdf,37
Bidin' My Time,557 Standards Realbook.pdf,38
Big Blues,557 Standards Realbook.pdf,40
Billie's Bounce,557 Standards Realbook.pdf,39
Birk's Works,557 Standards Realbook.pdf,39
Birth Of The Blues (The),557 Standards Realbook.pdf,40
Bitter-Sweet,557 Standards Realbook.pdf,41
Black And Blue,557 Standards Realbook.pdf,42
Black Orpheus,557 Standards Realbook.pdf,43
Bloomdido,557 Standards Realbook.pdf,45
Blue (And Broken Hearted),557 Standards Realbook.pdf,45
Blue And Sentimental,557 Standards Realbook.pdf,47
Blue Bossa,557 Standards Realbook.pdf,47
Blue Lou,557 Standards Realbook.pdf,44
Blue Monk,557 Standards Realbook.pdf,51
Blue Moon,557 Standards Realbook.pdf,51
Blue 'N' Boogie,557 Standards Realbook.pdf,48
Blue Room,557 Standards Realbook.pdf,50
Blue Skies,557 Standards Realbook.pdf,53
Blues A La Mode,557 Standards Realbook.pdf,48
Blues For Alice,557 Standards Realbook.pdf,52
Blues In The Closet,557 Standards Realbook.pdf,46
Blues In The Night,557 Standards Realbook.pdf,49
Blues March,557 Standards Realbook.pdf,53
Blues Walk (The),557 Standards Realbook.pdf,44
Bluesette,557 Standards Realbook.pdf,52
Body And Soul,557 Standards Realbook.pdf,55
Born To Be Blue,557 Standards Realbook.pdf,54
Boy Next Door (The),557 Standards Realbook.pdf,55
Breeze And I (The),557 Standards Realbook.pdf,41
Broadway,557 Standards Realbook.pdf,57
But Beautiful,557 Standards Realbook.pdf,57
But Not For Me,557 Standards Realbook.pdf,56
Bye Bye Blackbird,557 Standards Realbook.pdf,58
Bye Bye Blues,557 Standards Realbook.pdf,59
Cabin In The Sky,557 Standards Realbook.pdf,59
Candy,557 Standards Realbook.pdf,60
Can't We Be Friends,557 Standards Realbook.pdf,61
Can't We Talk It Over,557 Standards Realbook.pdf,67
Caravan,557 Standards Realbook.pdf,63
Cheek To Cheek,557 Standards Realbook.pdf,61
Chega De Saudade,557 Standards Realbook.pdf,65
Chelsea Bridge,557 Standards Realbook.pdf,64
Cherokee,557 Standards Realbook.pdf,67
Cheryl,557 Standards Realbook.pdf,62
Child Is Born (A),557 Standards Realbook.pdf,68
Come Rain Or Come Shine,557 Standards Realbook.pdf,69
Come Sunday,557 Standards Realbook.pdf,70
Con Alma,557 Standards Realbook.pdf,71
Confirmation,557 Standards Realbook.pdf,71
Cool Blues,557 Standards Realbook.pdf,66
Cotton Tail,557 Standards Realbook.pdf,75
Cousin Mary,557 Standards Realbook.pdf,70
Crazy Rhythm,557 Standards Realbook.pdf,72
C.T.A.,557 Standards Realbook.pdf,73
Daahound,557 Standards Realbook.pdf,73
Dancing In The Dark,557 Standards Realbook.pdf,77
Dancing On The Ceiling,557 Standards Realbook.pdf,75
Darn That Dream,557 Standards Realbook.pdf,76
Dat Dere,557 Standards Realbook.pdf,78
Day By Day,557 Standards Realbook.pdf,123
Day Dream,557 Standards Realbook.pdf,79
Days Of Wine And Roses (The),557 Standards Realbook.pdf,79
Dearly Beloved,557 Standards Realbook.pdf,77
Dear Old Stockholm,557 Standards Realbook.pdf,83
Deep Purple,557 Standards Realbook.pdf,80
Deafinado,557 Standards Realbook.pdf,81
Didn't We,557 Standards Realbook.pdf,84
Django,557 Standards Realbook.pdf,85
Dolphin Dance,557 Standards Realbook.pdf,86
Donna Lee,557 Standards Realbook.pdf,87
Do Nothin' Till You Hear From Me,557 Standards Realbook.pdf,87
Don't Be That Way,557 Standards Realbook.pdf,88
Don't Blame Me,557 Standards Realbook.pdf,89
Don't Explain,557 Standards Realbook.pdf,89
Don't Get Around Much Anymore,557 Standards Realbook.pdf,91
Don't Worry 'Bout Me,557 Standards Realbook.pdf,91
Doxy,557 Standards Realbook.pdf,90
Early Autumn,557 Standards Realbook.pdf,93
Ease Away Walk,557 Standards Realbook.pdf,98
East Of The Sun,557 Standards Realbook.pdf,94
Easy Living,557 Standards Realbook.pdf,95
Easy Street,557 Standards Realbook.pdf,100
Easy To Love,557 Standards Realbook.pdf,92
Embraceable You,557 Standards Realbook.pdf,97
Emily,557 Standards Realbook.pdf,95
Everything Happens To Me,557 Standards Realbook.pdf,99
Everything I Have Is Yours,557 Standards Realbook.pdf,97
Ev'ry Time We Say Goodbye,557 Standards Realbook.pdf,99
Exactly Like You,557 Standards Realbook.pdf,96
Falling In Love With Love,557 Standards Realbook.pdf,101
Fascinating Rhythm,557 Standards Realbook.pdf,101
Felicidade (A),557 Standards Realbook.pdf,103
Fine And Dandy,557 Standards Realbook.pdf,102
Fine Romance (A),557 Standards Realbook.pdf,105
Flamingo,557 Standards Realbook.pdf,104
Flying Home,557 Standards Realbook.pdf,105
Fly Me To The Moon,557 Standards Realbook.pdf,107
Foggy Day (A),557 Standards Realbook.pdf,107
Fools Rush In,557 Standards Realbook.pdf,109
For All We Know,557 Standards Realbook.pdf,108
For Heaven's Sake,557 Standards Realbook.pdf,111
For Minors Only,557 Standards Realbook.pdf,112
Four,557 Standards Realbook.pdf,111
Four Brothers,557 Standards Realbook.pdf,110
Frankie And Johnny,557 Standards Realbook.pdf,106
Fried Bananas,557 Standards Realbook.pdf,113
From This Moment On,557 Standards Realbook.pdf,114
Gal In Calico (A),557 Standards Realbook.pdf,115
Gee Baby Ain't I Good To You,557 Standards Realbook.pdf,116
Georgia,557 Standards Realbook.pdf,115
Get Happy,557 Standards Realbook.pdf,117
Get Out Of Town,557 Standards Realbook.pdf,118
Giant Steps,557 Standards Realbook.pdf,118
Girl From Ipanema (The),557 Standards Realbook.pdf,121
Girl Of My Dreams,557 Standards Realbook.pdf,119
Girl Talk,557 Standards Realbook.pdf,120
God Bless The Child,557 Standards Realbook.pdf,124
Gone With The Wind,557 Standards Realbook.pdf,125
Good Bait,557 Standards Realbook.pdf,125
Good Morning Heartache,557 Standards Realbook.pdf,122
Green Dolphin Street,557 Standards Realbook.pdf,126
Groove Yard,557 Standards Realbook.pdf,127
Groovin' High,557 Standards Realbook.pdf,127
Handful Of Stars,557 Standards Realbook.pdf,133
Have You Met Miss Jones,557 Standards Realbook.pdf,128
Heart And Soul,557 Standards Realbook.pdf,132
Here's That Rainy Day,557 Standards Realbook.pdf,129
High-Fly,557 Standards Realbook.pdf,129
Honeysuckle Rose,557 Standards Realbook.pdf,130
How About You,557 Standards Realbook.pdf,131
How Deep Is The Ocean,557 Standards Realbook.pdf,133
How High The Moon,557 Standards Realbook.pdf,134
How Insensitive,557 Standards Realbook.pdf,135
How Long Has This Been Going On,557 Standards Realbook.pdf,136
I Apologise,557 Standards Realbook.pdf,139
I Can't Believe That You Are In Love With Me,557 Standards Realbook.pdf,141
I Can't Get Started,557 Standards Realbook.pdf,144
I Can't Give You Anything But Love,557 Standards Realbook.pdf,144
I Concentrate On You,557 Standards Realbook.pdf,143
I Cover The Waterfront,557 Standards Realbook.pdf,145
I Could Write A Book,557 Standards Realbook.pdf,142
I Didn't Know About You,557 Standards Realbook.pdf,145
I Didn't Know What Time It Was,557 Standards Realbook.pdf,140
I Don't Stand A Ghost Of A Chance With You,557 Standards Realbook.pdf,147
I Fall In Love Too Easily,557 Standards Realbook.pdf,148
If I Could Be With You,557 Standards Realbook.pdf,146
If I Had You,557 Standards Realbook.pdf,147
If I Love Again,557 Standards Realbook.pdf,138
If I Should Lose You,557 Standards Realbook.pdf,149
If I Were A Bell,557 Standards Realbook.pdf,149
If You Could See Me Now,557 Standards Realbook.pdf,152
I Get A Kick Out Of You,557 Standards Realbook.pdf,151
I Got It Bad,557 Standards Realbook.pdf,155
I Got Rhythm,557 Standards Realbook.pdf,153
I Hear A Rhapsody,557 Standards Realbook.pdf,154
I Hear Music,557 Standards Realbook.pdf,155
I Know That You Know,557 Standards Realbook.pdf,150
I Let A Song Go Out Of My Heart,557 Standards Realbook.pdf,156
I'll Never Be The Same,557 Standards Realbook.pdf,157
I'll Never Smile Again,557 Standards Realbook.pdf,159
I'll Never Stop Loving You,557 Standards Realbook.pdf,137
I'll Remember April,557 Standards Realbook.pdf,157
I'll Take Romance,557 Standards Realbook.pdf,159
Ill Wind,557 Standards Realbook.pdf,161
I Love You,557 Standards Realbook.pdf,162
I'm Afraid The Masquerade Is Over,557 Standards Realbook.pdf,163
Imagination,557 Standards Realbook.pdf,165
I'm Beginning To See The Light,557 Standards Realbook.pdf,164
I'm Confessin',557 Standards Realbook.pdf,160
I Mean You,557 Standards Realbook.pdf,166
I'm Getting Sentimental Over You,557 Standards Realbook.pdf,170
I'm In The Mood For Love,557 Standards Realbook.pdf,171
I'm Just A Lucky So And So,557 Standards Realbook.pdf,167
I'm Old Fashioned,557 Standards Realbook.pdf,167
Impressions,557 Standards Realbook.pdf,168
In A Mellow Tone,557 Standards Realbook.pdf,171
In A Sentimental Mood,557 Standards Realbook.pdf,173
Inchworm,557 Standards Realbook.pdf,188
Indiana,557 Standards Realbook.pdf,175
Indian Summer,557 Standards Realbook.pdf,172
I Never Knew,557 Standards Realbook.pdf,173
In Love In Vain,557 Standards Realbook.pdf,169
In The Chapel In The Moonlight,557 Standards Realbook.pdf,177
In The Sign Of Libra,557 Standards Realbook.pdf,174
In Walked Bud,557 Standards Realbook.pdf,175
In Your Own Sweet Way,557 Standards Realbook.pdf,176
I Only Have Eyes For You,557 Standards Realbook.pdf,177
I Remember Clifford,557 Standards Realbook.pdf,179
I Remember You,557 Standards Realbook.pdf,180
I Should Care,557 Standards Realbook.pdf,181
Isn't It Romantic,557 Standards Realbook.pdf,181
Israel,557 Standards Realbook.pdf,178
I Surrender Dear,557 Standards Realbook.pdf,184
It Ain't Necessarily So,557 Standards Realbook.pdf,183
It Could Happen To You,557 Standards Realbook.pdf,185
It Don't Mean A Thing,557 Standards Realbook.pdf,186
I Thought About You,557 Standards Realbook.pdf,182
It Might As Well Be Spring,557 Standards Realbook.pdf,187
It Never Entered My Mind,557 Standards Realbook.pdf,185
It's A Blue World,557 Standards Realbook.pdf,187
It's All Right With Me,557 Standards Realbook.pdf,189
It's Always You,557 Standards Realbook.pdf,191
It's Only A Paper Moon,557 Standards Realbook.pdf,191
It's You Or No One,557 Standards Realbook.pdf,192
I've Found A New Baby,557 Standards Realbook.pdf,193
I've Got A Crush On You,557 Standards Realbook.pdf,193
I've Got The World On A String,557 Standards Realbook.pdf,190
I've Got You Under My Skin,557 Standards Realbook.pdf,195
I've Grown Accumstomed To Her Face,557 Standards Realbook.pdf,195
I've Told Ev'ry Little Star,557 Standards Realbook.pdf,194
I Want A Little Girl,557 Standards Realbook.pdf,197
I Want To Be Happy,557 Standards Realbook.pdf,197
I Wished On The Moon,557 Standards Realbook.pdf,199
I Wish I Were In Love Again,557 Standards Realbook.pdf,198
Jeannie,557 Standards Realbook.pdf,203
Jeepers Creepers,557 Standards Realbook.pdf,199
Jersey Bounce,557 Standards Realbook.pdf,200
Jordy,557 Standards Realbook.pdf,204
Joy Spring,557 Standards Realbook.pdf,201
Jumpin' At The Woodside,557 Standards Realbook.pdf,205
Jumpin' With Symphony Sid,557 Standards Realbook.pdf,206
Just Friends,557 Standards Realbook.pdf,208
Just In Time,557 Standards Realbook.pdf,205
Just One Of Those Things,557 Standards Realbook.pdf,207
Just Squeeze Me,557 Standards Realbook.pdf,209
Just You Just Me,557 Standards Realbook.pdf,202
Keepin' Out Of Mischief Now,557 Standards Realbook.pdf,209
Lady Bird,557 Standards Realbook.pdf,210
Lady Is A Tramp (The),557 Standards Realbook.pdf,211
Laura,557 Standards Realbook.pdf,213
Lester Leaps In,557 Standards Realbook.pdf,213
Limehouse Blues,557 Standards Realbook.pdf,212
Like Someone In Love,557 Standards Realbook.pdf,214
Li'l Darlin',557 Standards Realbook.pdf,215
Line For Lyons,557 Standards Realbook.pdf,216
Little Girl,557 Standards Realbook.pdf,217
Little Girl Blue,557 Standards Realbook.pdf,217
Liza,557 Standards Realbook.pdf,218
Long Ago And Far Away,557 Standards Realbook.pdf,221
Love For Sale,557 Standards Realbook.pdf,219
Love Is Here To Stay,557 Standards Realbook.pdf,221
Love Is Just Around The Corner,557 Standards Realbook.pdf,224
Love Letters,557 Standards Realbook.pdf,220
Love Me Or Leave Me,557 Standards Realbook.pdf,222
Lover,557 Standards Realbook.pdf,225
Lover Come Back To Me,557 Standards Realbook.pdf,223
Lover Man,557 Standards Realbook.pdf,226
Love Walked In,557 Standards Realbook.pdf,227
Lullaby Of Birdland,557 Standards Realbook.pdf,229
Lullaby Of The Leaves,557 Standards Realbook.pdf,230
Lulu's Back In Town,557 Standards Realbook.pdf,231
Lush Life,557 Standards Realbook.pdf,227
Mack The Knife,557 Standards Realbook.pdf,233
Makin' Whoopee,557 Standards Realbook.pdf,232
Manhattan,557 Standards Realbook.pdf,234
Man I Love (The),557 Standards Realbook.pdf,235
Margie,557 Standards Realbook.pdf,236
Mean To Me,557 Standards Realbook.pdf,238
Meditation,557 Standards Realbook.pdf,237
Memories Of You,557 Standards Realbook.pdf,239
Mercy Mercy Mercy,557 Standards Realbook.pdf,233
Milestones,557 Standards Realbook.pdf,240
Misty,557 Standards Realbook.pdf,241
Moanin',557 Standards Realbook.pdf,241
Moment's Notice,557 Standards Realbook.pdf,243
Monterey Blues,557 Standards Realbook.pdf,243
Mood Indigo,557 Standards Realbook.pdf,244
Moonglow,557 Standards Realbook.pdf,246
Moonlight In Vermont,557 Standards Realbook.pdf,247
Moon River,557 Standards Realbook.pdf,247
Moose The Mooche,557 Standards Realbook.pdf,245
More I See You (The),557 Standards Realbook.pdf,248
More Than You Know,557 Standards Realbook.pdf,249
Montain Greenery,557 Standards Realbook.pdf,251
Move,557 Standards Realbook.pdf,251
My Buddy,557 Standards Realbook.pdf,250
My Favourite Things,557 Standards Realbook.pdf,253
My Foolish Heart,557 Standards Realbook.pdf,254
My Funny Valentine,557 Standards Realbook.pdf,255
My Heart Belongs To Daddy,557 Standards Realbook.pdf,257
My Heart Stood Still,557 Standards Realbook.pdf,256
My Ideal,557 Standards Realbook.pdf,252
My Little Boat,557 Standards Realbook.pdf,259
My Little Suede Shoes,557 Standards Realbook.pdf,259
My Melancholy Baby,557 Standards Realbook.pdf,260
My Old Flame,557 Standards Realbook.pdf,264
My One And Only Love,557 Standards Realbook.pdf,258
My Romance,557 Standards Realbook.pdf,262
My Shining Hour,557 Standards Realbook.pdf,249
My Ship,557 Standards Realbook.pdf,261
My Silent Love,557 Standards Realbook.pdf,263
Namely You,557 Standards Realbook.pdf,271
Nancy,557 Standards Realbook.pdf,270
Nardis,557 Standards Realbook.pdf,265
Nature Boy,557 Standards Realbook.pdf,265
Nearness Of You (The),557 Standards Realbook.pdf,266
Nica's Dream,557 Standards Realbook.pdf,267
Nice Work If You Can Get It,557 Standards Realbook.pdf,268
Night And Day,557 Standards Realbook.pdf,272
Night Has A Thousand Eyes (The),557 Standards Realbook.pdf,274
Nightingale Sang In Berkeley Square (A),557 Standards Realbook.pdf,269
Night In Tunesia (A),557 Standards Realbook.pdf,273
Night Train,557 Standards Realbook.pdf,275
Nine Twenty (9:20) Special,557 Standards Realbook.pdf,276
No Moon At All,557 Standards Realbook.pdf,277
Now's The Time,557 Standards Realbook.pdf,277
Nuages,557 Standards Realbook.pdf,278
Lady Be Good,557 Standards Realbook.pdf,289
Old Devil Moon,557 Standards Realbook.pdf,281
Old Folks,557 Standards Realbook.pdf,279
Oleo,557 Standards Realbook.pdf,280
On A Clear Day,557 Standards Realbook.pdf,282
On A Slow Boat To China,557 Standards Realbook.pdf,283
Once I Loved,557 Standards Realbook.pdf,283
Once In A While,557 Standards Realbook.pdf,284
One For My Baby,557 Standards Realbook.pdf,285
One Note Samba,557 Standards Realbook.pdf,287
On The Street Where You Live,557 Standards Realbook.pdf,289
On The Sunny Side Of The Street,557 Standards Realbook.pdf,285
On The Trail,557 Standards Realbook.pdf,290
Ornithology,557 Standards Realbook.pdf,288
Our Delight,557 Standards Realbook.pdf,291
Out Back Of The Barn,557 Standards Realbook.pdf,293
Out Of Nowhere,557 Standards Realbook.pdf,293
Over The Rainbow,557 Standards Realbook.pdf,290
Party Is Over (The),557 Standards Realbook.pdf,294
Peace,557 Standards Realbook.pdf,291
Pennies From Heaven,557 Standards Realbook.pdf,296
Pensativa,557 Standards Realbook.pdf,295
Pent Up House,557 Standards Realbook.pdf,316
People,557 Standards Realbook.pdf,299
Perdido,557 Standards Realbook.pdf,297
Pick Yourself Up,557 Standards Realbook.pdf,300
Please Don't Talk About Me When I'm Gone,557 Standards Realbook.pdf,301
Polka Dots And Moonbeams,557 Standards Realbook.pdf,301
Poor Butterfly,557 Standards Realbook.pdf,298
Portrait Of Jennie,557 Standards Realbook.pdf,303
Preacher (The),557 Standards Realbook.pdf,302
Prelude To A Kiss,557 Standards Realbook.pdf,304
Quiet Nights Of Quiet Starts,557 Standards Realbook.pdf,305
Ray's Idea,557 Standards Realbook.pdf,307
Red Top,557 Standards Realbook.pdf,308
Remember,557 Standards Realbook.pdf,371
Rhythm-A-Ning,557 Standards Realbook.pdf,309
Robbin's Nest,557 Standards Realbook.pdf,309
Rockin' Chair,557 Standards Realbook.pdf,306
Rosetta,557 Standards Realbook.pdf,308
Rose Room,557 Standards Realbook.pdf,310
Round Midnight,557 Standards Realbook.pdf,311
Ruby,557 Standards Realbook.pdf,313
Ruby My Dear,557 Standards Realbook.pdf,314
Saint James Infirmary,557 Standards Realbook.pdf,346
Sandu,557 Standards Realbook.pdf,323
San Francisco Holiday,557 Standards Realbook.pdf,315
Satin Doll,557 Standards Realbook.pdf,315
Scrapple From The Apple,557 Standards Realbook.pdf,317
Secret Love,557 Standards Realbook.pdf,318
September In The Rain,557 Standards Realbook.pdf,319
September Song,557 Standards Realbook.pdf,319
Shadow Of Your Smile (The),557 Standards Realbook.pdf,320
She's Funny That Way,557 Standards Realbook.pdf,321
Shiny Stockings,557 Standards Realbook.pdf,321
Since I Feel For You,557 Standards Realbook.pdf,323
Sister Sadie,557 Standards Realbook.pdf,324
S.K.J.,557 Standards Realbook.pdf,322
Skylark,557 Standards Realbook.pdf,325
Small Fry,557 Standards Realbook.pdf,326
Smile,557 Standards Realbook.pdf,327
Smoke Gets In Your Eyes,557 Standards Realbook.pdf,328
Smooth One (A),557 Standards Realbook.pdf,329
Softly As In A Morning Sunrise,557 Standards Realbook.pdf,329
Soft Winds,557 Standards Realbook.pdf,330
Solar,557 Standards Realbook.pdf,331
Solitude,557 Standards Realbook.pdf,331
Somebody Loves Me,557 Standards Realbook.pdf,332
Someday My Prince Will Come,557 Standards Realbook.pdf,333
Some Of These Days,557 Standards Realbook.pdf,333
Someone To Watch Over Me,557 Standards Realbook.pdf,335
Sometimes I'm Happy,557 Standards Realbook.pdf,334
Song Is You (The),557 Standards Realbook.pdf,337
Sonny Boy,557 Standards Realbook.pdf,338
Sonnymoon For Two,557 Standards Realbook.pdf,339
Soon,557 Standards Realbook.pdf,339
Sophisticated Lady,557 Standards Realbook.pdf,346
Soul Eyes,557 Standards Realbook.pdf,340
Speak Low,557 Standards Realbook.pdf,343
Spring Can Really Hang You Up The Most,557 Standards Realbook.pdf,341
Spring Is Here,557 Standards Realbook.pdf,344
Stairway To The Stars,557 Standards Realbook.pdf,336
Star Dust,557 Standards Realbook.pdf,345
Star Eyes,557 Standards Realbook.pdf,347
Stars Fell On Alabama,557 Standards Realbook.pdf,348
Stella By Starlight,557 Standards Realbook.pdf,349
St. Louis Blues,557 Standards Realbook.pdf,350
Stompin' At The Savoy,557 Standards Realbook.pdf,351
Stormy Weather,557 Standards Realbook.pdf,352
Straight No Chaser,557 Standards Realbook.pdf,342
Strike Up The Band,557 Standards Realbook.pdf,353
Strode Rode,557 Standards Realbook.pdf,354
St. Thomas,557 Standards Realbook.pdf,355
Strollin',557 Standards Realbook.pdf,355
Sugar,557 Standards Realbook.pdf,356
Summer Samba,557 Standards Realbook.pdf,357
Summertime,557 Standards Realbook.pdf,357
Sunday,557 Standards Realbook.pdf,358
Sunny,557 Standards Realbook.pdf,359
Surrey With The Fringe On Top,557 Standards Realbook.pdf,359
Swedish Pastry,557 Standards Realbook.pdf,361
Sweet And Lovely,557 Standards Realbook.pdf,360
Sweet Georgia Brown,557 Standards Realbook.pdf,363
Sweet Lorraine,557 Standards Realbook.pdf,361
Sweet Sue,557 Standards Realbook.pdf,363
Swingin' Along On Broadway,557 Standards Realbook.pdf,362
S Wonderful,557 Standards Realbook.pdf,364
Take Five,557 Standards Realbook.pdf,366
Taking A Chance On Love,557 Standards Realbook.pdf,365
Take The A-Train,557 Standards Realbook.pdf,369
Tangerine,557 Standards Realbook.pdf,367
Teach Me Tonight,557 Standards Realbook.pdf,369
Tea For Two,557 Standards Realbook.pdf,368
Tenderly,557 Standards Realbook.pdf,371
Tenor Madness,557 Standards Realbook.pdf,370
Thanks For The Memory,557 Standards Realbook.pdf,372
That Old Black Magic,557 Standards Realbook.pdf,373
That Old Feeling,557 Standards Realbook.pdf,375
That's All,557 Standards Realbook.pdf,376
Them There Eyes,557 Standards Realbook.pdf,377
There Is No Greater Love,557 Standards Realbook.pdf,378
There'll Be Some Changes Made,557 Standards Realbook.pdf,379
There's Small Hotel,557 Standards Realbook.pdf,379
There Will Never Be Another You,557 Standards Realbook.pdf,380
These Foolish Things,557 Standards Realbook.pdf,381
They Can't Take That Away From Me,557 Standards Realbook.pdf,382
Things Ain't What They Used To Be,557 Standards Realbook.pdf,383
Things We Did Last Summer,557 Standards Realbook.pdf,385
Thinking Of You,557 Standards Realbook.pdf,384
This Can't Be Love,557 Standards Realbook.pdf,386
Thou Swell,557 Standards Realbook.pdf,387
Three Little Words,557 Standards Realbook.pdf,389
Tickle-Tow,557 Standards Realbook.pdf,387
Till The Clouds Roll By,557 Standards Realbook.pdf,389
Till There Was You,557 Standards Realbook.pdf,391
Time After Time,557 Standards Realbook.pdf,391
Time On My Hands,557 Standards Realbook.pdf,392
Tin Roof Blues,557 Standards Realbook.pdf,394
Tis Autumn,557 Standards Realbook.pdf,393
Topsy,557 Standards Realbook.pdf,396
Too Close For Comfort,557 Standards Realbook.pdf,395
Too Marvelous For Words,557 Standards Realbook.pdf,397
Toot Toot Tootsie,557 Standards Realbook.pdf,397
Touch Of Your Lips (The),557 Standards Realbook.pdf,398
Trane's Blues,557 Standards Realbook.pdf,388
Tricotism,557 Standards Realbook.pdf,399
Triste,557 Standards Realbook.pdf,400
Tune Up,557 Standards Realbook.pdf,390
Two Sleepy People,557 Standards Realbook.pdf,401
Undecided,557 Standards Realbook.pdf,403
Upper Manhattan Medical Group,557 Standards Realbook.pdf,402
Valse Hot,557 Standards Realbook.pdf,403
Very Thought Of You (The),557 Standards Realbook.pdf,404
Violets For Your Furs,557 Standards Realbook.pdf,405
Walkin',557 Standards Realbook.pdf,406
Waltz For Debby,557 Standards Realbook.pdf,407
Watch What Happens,557 Standards Realbook.pdf,409
Watermelon Man,557 Standards Realbook.pdf,411
Wave,557 Standards Realbook.pdf,410
Way You Look Tonight (The),557 Standards Realbook.pdf,411
Weaver Of Dreams,557 Standards Realbook.pdf,413
Wee Dot,557 Standards Realbook.pdf,406
We'll Be Together Again,557 Standards Realbook.pdf,413
Well You Needn't,557 Standards Realbook.pdf,415
What A Difference A Day Made,557 Standards Realbook.pdf,416
What Am I Here For,557 Standards Realbook.pdf,414
What Are You Doing For The Rest Of Your Life,557 Standards Realbook.pdf,417
What Is There To Say,557 Standards Realbook.pdf,418
What Is This Thing Called Love,557 Standards Realbook.pdf,420
What's New,557 Standards Realbook.pdf,419
When I Fall In Love,557 Standards Realbook.pdf,421
When Lights Are Low,557 Standards Realbook.pdf,422
When Sunny Gets Blue,557 Standards Realbook.pdf,421
When Your Lover Has Gone,557 Standards Realbook.pdf,423
When You Wish Upon A Star,557 Standards Realbook.pdf,423
Where Are You,557 Standards Realbook.pdf,424
Where Or When,557 Standards Realbook.pdf,425
Whisper Not,557 Standards Realbook.pdf,427
Who Can I Turn To,557 Standards Realbook.pdf,428
Willow Weep For Me,557 Standards Realbook.pdf,429
Will You Still Be Mine,557 Standards Realbook.pdf,426
Witchcraft,557 Standards Realbook.pdf,430
With A Song In My Heart,557 Standards Realbook.pdf,431
Without A Song,557 Standards Realbook.pdf,431
Woody N You,557 Standards Realbook.pdf,433
Work Song,557 Standards Realbook.pdf,433
Wrap Your Troubles In Dreams,557 Standards Realbook.pdf,434
Yardbird Suite,557 Standards Realbook.pdf,435
Yes Sir That's My Baby,557 Standards Realbook.pdf,435
Yesterdays,557 Standards Realbook.pdf,436
You And The Night And The Music,557 Standards Realbook.pdf,448
You Are My Sunshine,557 Standards Realbook.pdf,437
You Are Too Beautiful,557 Standards Realbook.pdf,437
You'd Be So Nice To Come Home To,557 Standards Realbook.pdf,438
You Don't Know What Love Is,557 Standards Realbook.pdf,439
You Do Something To Me,557 Standards Realbook.pdf,441
You Go To My Head,557 Standards Realbook.pdf,440
You Make Me Feel So Young,557 Standards Realbook.pdf,451
Young And Foolish,557 Standards Realbook.pdf,450
Young Man With The Horn (The),557 Standards Realbook.pdf,441
You're Driving Me Crazy,557 Standards Realbook.pdf,443
You're My Everything,557 Standards Realbook.pdf,444
Yours Is My Heart Alone,557 Standards Realbook.pdf,442
You Stepped Out Of A Dream,557 Standards Realbook.pdf,445
You Took Advantage Of Me,557 Standards Realbook.pdf,446
You Turned The Tables On Me,557 Standards Realbook.pdf,447
You've Changed,557 Standards Realbook.pdf,449
