Sunday,Firehouse Jazz Band.pdf,8
Bill Bailey Won't You Please Come Home?,Firehouse Jazz Band.pdf,9
Doodle-Doo-Doo,Firehouse Jazz Band.pdf,11
Oh! By Jingo!,Firehouse Jazz Band.pdf,12
Tishomingo Blues,Firehouse Jazz Band.pdf,13
Little Rock Getaway,Firehouse Jazz Band.pdf,15
Keepin' Out Of Mischief Now,Firehouse Jazz Band.pdf,16
Tailgate Ramble,Firehouse Jazz Band.pdf,17
Blue Turning Gray Over You,Firehouse Jazz Band.pdf,19
Ja-Da,Firehouse Jazz Band.pdf,20
Ostrich Walk,Firehouse Jazz Band.pdf,21
When Day Is Done,Firehouse Jazz Band.pdf,23
The Tin Roof Blues,Firehouse Jazz Band.pdf,24
Sensation Rag,Firehouse Jazz Band.pdf,25
Alabamy Bound,Firehouse Jazz Band.pdf,26
Washington & Lee Swing (The),Firehouse Jazz Band.pdf,27
At The Jazz Band Ball,Firehouse Jazz Band.pdf,28
China Boy,Firehouse Jazz Band.pdf,29
When Its Darkness On The Delta,Firehouse Jazz Band.pdf,30
Bogalusa Strut,Firehouse Jazz Band.pdf,31
Some Of These Days,Firehouse Jazz Band.pdf,32
Wolverine Blues,Firehouse Jazz Band.pdf,33
Sugar,Firehouse Jazz Band.pdf,35
Hindustan,Firehouse Jazz Band.pdf,37
Knee Drops,Firehouse Jazz Band.pdf,38
Where Did Robinson Crusoe Go?,Firehouse Jazz Band.pdf,39
Original Dixieland One-Step (The),Firehouse Jazz Band.pdf,41
Dippermouth Blues,Firehouse Jazz Band.pdf,43
Poor Butterfly,Firehouse Jazz Band.pdf,45
Stealin' Apples,Firehouse Jazz Band.pdf,46
Wrap Your Troubles In Dreams,Firehouse Jazz Band.pdf,47
That Da Da Strain,Firehouse Jazz Band.pdf,48
Copenhagen,Firehouse Jazz Band.pdf,49
Home,Firehouse Jazz Band.pdf,51
See See Rider,Firehouse Jazz Band.pdf,52
All The Wrongs You've Done,Firehouse Jazz Band.pdf,53
Anything Goes,Firehouse Jazz Band.pdf,53
Farewell Blues,Firehouse Jazz Band.pdf,54
Paddlin' Madelin' Home,Firehouse Jazz Band.pdf,55
Cakewalkin' Babies From Home,Firehouse Jazz Band.pdf,57
Deed I Do,Firehouse Jazz Band.pdf,59
Yellow Dog Blues (Yellow Dog Rag),Firehouse Jazz Band.pdf,60
Clarinet Marmalade,Firehouse Jazz Band.pdf,61
Canal Street Blues,Firehouse Jazz Band.pdf,63
Wabash Blues (The),Firehouse Jazz Band.pdf,64
Big Butter & Egg Man,Firehouse Jazz Band.pdf,65
Someday You'll Be Sorry,Firehouse Jazz Band.pdf,66
Alabama Jubilee,Firehouse Jazz Band.pdf,67
Come Back Sweet Papa,Firehouse Jazz Band.pdf,69
Blue Lou,Firehouse Jazz Band.pdf,70
Baby Brown,Firehouse Jazz Band.pdf,71
Yes! We Have No Bananas,Firehouse Jazz Band.pdf,72
Do You Know What It Means To Miss New Orleans,Firehouse Jazz Band.pdf,73
Of All The Wrong Things You've Done To Me,Firehouse Jazz Band.pdf,75
Oh! Sister Ain't That Hot?,Firehouse Jazz Band.pdf,76
Strike Up The Band,Firehouse Jazz Band.pdf,77
Ugly Chile,Firehouse Jazz Band.pdf,78
Wang Wang Blues (The),Firehouse Jazz Band.pdf,79
There'll Be Some Changes Made,Firehouse Jazz Band.pdf,81
New Orleans,Firehouse Jazz Band.pdf,83
Oh Baby!,Firehouse Jazz Band.pdf,84
Caravan,Firehouse Jazz Band.pdf,85
Rosetta,Firehouse Jazz Band.pdf,86
Birth Of The Blues (The),Firehouse Jazz Band.pdf,87
After You've Gone,Firehouse Jazz Band.pdf,88
While We Danced At The Mardi Gras,Firehouse Jazz Band.pdf,89
Milenburg Joys,Firehouse Jazz Band.pdf,90
Swanee,Firehouse Jazz Band.pdf,92
The Second Line,Firehouse Jazz Band.pdf,93
Panama,Firehouse Jazz Band.pdf,94
Memphis Blues (The),Firehouse Jazz Band.pdf,96
Memphis Blues (The) (with Lyrics),Firehouse Jazz Band.pdf,97
Mama Don't Know,Firehouse Jazz Band.pdf,98
Black & Blue,Firehouse Jazz Band.pdf,99
Cherokee,Firehouse Jazz Band.pdf,100
Whispering,Firehouse Jazz Band.pdf,101
Ory's Creole Trombone,Firehouse Jazz Band.pdf,102
Ory's Creole Trombone (Solo Trombone Part),Firehouse Jazz Band.pdf,104
Sheik Of Araby (The),Firehouse Jazz Band.pdf,106
Lazybones,Firehouse Jazz Band.pdf,108
Who?,Firehouse Jazz Band.pdf,109
I'm Gonna Sit Right Down & Write Myself A Letter,Firehouse Jazz Band.pdf,110
Good Man Is Hard To Find (A),Firehouse Jazz Band.pdf,111
Down By The Riverside,Firehouse Jazz Band.pdf,112
Swing That Music,Firehouse Jazz Band.pdf,114
Toot Toot Tootsie,Firehouse Jazz Band.pdf,115
Down Among The Sheltering Palms,Firehouse Jazz Band.pdf,116
Sugar Blues (The),Firehouse Jazz Band.pdf,117
Oriental Strut,Firehouse Jazz Band.pdf,118
Floatin' Down That Old Green River,Firehouse Jazz Band.pdf,120
Fidgety Feet,Firehouse Jazz Band.pdf,122
I Want A Little Girl,Firehouse Jazz Band.pdf,124
Mean To Me,Firehouse Jazz Band.pdf,125
Kansas City Stomps,Firehouse Jazz Band.pdf,126
Doctor Jazz,Firehouse Jazz Band.pdf,128
Joint Is Jumpin' (The),Firehouse Jazz Band.pdf,130
Livery Stable Blues (Barnyard Blues),Firehouse Jazz Band.pdf,132
Livery Stable Blues (Barnyard Blues) (with Lyrics),Firehouse Jazz Band.pdf,134
It Don't Mean A Thing If It Ain't Got That Swing,Firehouse Jazz Band.pdf,136
Soon,Firehouse Jazz Band.pdf,137
Mississippi Mud,Firehouse Jazz Band.pdf,138
That's A Funny Place To Kiss A Girl,Firehouse Jazz Band.pdf,139
Midnight In Moscow Extravaganza,Firehouse Jazz Band.pdf,140
Dream Man,Firehouse Jazz Band.pdf,141
San,Firehouse Jazz Band.pdf,142
All Of Me,Firehouse Jazz Band.pdf,144
Memories Of You,Firehouse Jazz Band.pdf,145
Sweethearts On Parade,Firehouse Jazz Band.pdf,146
Sweethearts On Parade (Low Brass Part),Firehouse Jazz Band.pdf,148
My Honey's Lovin' Arms,Firehouse Jazz Band.pdf,150
Mama's Gone Goodbye,Firehouse Jazz Band.pdf,152
Oh!,Firehouse Jazz Band.pdf,153
Spreadin' Rhythm Around,Firehouse Jazz Band.pdf,154
Pee Wee's Blues,Firehouse Jazz Band.pdf,155
Si Tu Vois Ma Mere,Firehouse Jazz Band.pdf,156
Japanese Sandman,Firehouse Jazz Band.pdf,157
(I Wish I Wasn't In) Peoria,Firehouse Jazz Band.pdf,158
Way Down Yonder In New Orleans,Firehouse Jazz Band.pdf,160
Tiger Rag (The),Firehouse Jazz Band.pdf,162
Muskrat Rumble (The),Firehouse Jazz Band.pdf,164
Struttin' With Some BBQ,Firehouse Jazz Band.pdf,167
Hard Hearted Hannah,Firehouse Jazz Band.pdf,168
Ole Miss,Firehouse Jazz Band.pdf,169
Heebie Jeebies,Firehouse Jazz Band.pdf,171
Charleston (The),Firehouse Jazz Band.pdf,173
Nagasaki,Firehouse Jazz Band.pdf,175
Louisiana,Firehouse Jazz Band.pdf,177
South Rampart St. Parade (The),Firehouse Jazz Band.pdf,179
Nobody Knows You When You're Down & Out,Firehouse Jazz Band.pdf,183
Squeeze Me,Firehouse Jazz Band.pdf,184
Chicago,Firehouse Jazz Band.pdf,185
Once In A While,Firehouse Jazz Band.pdf,186
Mack The Knife,Firehouse Jazz Band.pdf,187
What A Wonderful World,Firehouse Jazz Band.pdf,188
Mobile,Firehouse Jazz Band.pdf,189
Seems Like Old Times,Firehouse Jazz Band.pdf,190
I Ain't Gonna Give Nobody None Of My Jelly Roll,Firehouse Jazz Band.pdf,191
Yama Yama Man (The),Firehouse Jazz Band.pdf,193
Four Or Five Times,Firehouse Jazz Band.pdf,194
Petite Fleur,Firehouse Jazz Band.pdf,195
Singin' The Blues,Firehouse Jazz Band.pdf,197
Angry,Firehouse Jazz Band.pdf,198
Bluin' The Blues,Firehouse Jazz Band.pdf,199
Huggin' & A Chalkin' (A),Firehouse Jazz Band.pdf,201
South,Firehouse Jazz Band.pdf,202
You Took Advantage Of Me,Firehouse Jazz Band.pdf,203
Somebody Stole My Gal,Firehouse Jazz Band.pdf,204
Louis-i-an-i-a,Firehouse Jazz Band.pdf,205
I Wish I Coul Shimmy Like My Sister Kate,Firehouse Jazz Band.pdf,207
Shake That Thing,Firehouse Jazz Band.pdf,209
When You Wore A Tulip,Firehouse Jazz Band.pdf,210
Your Feets Too Big,Firehouse Jazz Band.pdf,211
Ace In The Hole,Firehouse Jazz Band.pdf,213
Is You Is Or Is You Ain't Ma Baby?,Firehouse Jazz Band.pdf,215
How Could Red Riding Hood?,Firehouse Jazz Band.pdf,217
Tell 'Em 'Bout Me (When You Reach Tennessee),Firehouse Jazz Band.pdf,219
Riverside Blues,Firehouse Jazz Band.pdf,220
Tain't Nobody's Biz-ness If I Do,Firehouse Jazz Band.pdf,221
Down In Honky-Tonk Town,Firehouse Jazz Band.pdf,223
Basin Street Blues (The),Firehouse Jazz Band.pdf,225
When I See All The Lovin' They Waste On Babies,Firehouse Jazz Band.pdf,226
Barney Google,Firehouse Jazz Band.pdf,229
Till We Meet Again,Firehouse Jazz Band.pdf,231
Sweet Substitute,Firehouse Jazz Band.pdf,232
New Orleans Shuffle,Firehouse Jazz Band.pdf,233
Gimme A Pigfoot And A Bottle Of Beer,Firehouse Jazz Band.pdf,235
Sweetheart Of Sigma Chi (The),Firehouse Jazz Band.pdf,237
Bourbon Street Parade,Firehouse Jazz Band.pdf,238
Fifty Miles Of Elbow Room,Firehouse Jazz Band.pdf,239
Hundred Years From Today (A),Firehouse Jazz Band.pdf,241
Rufe Johnson's Harmony Band,Firehouse Jazz Band.pdf,243
San Francisco Bay Blues,Firehouse Jazz Band.pdf,245
Play A Simple Melody,Firehouse Jazz Band.pdf,247
Chimes Blues,Firehouse Jazz Band.pdf,249
My Monday Date,Firehouse Jazz Band.pdf,251
What-Cha Gonna Do When There Ain't No Jazz?,Firehouse Jazz Band.pdf,252
Limehouse Blues,Firehouse Jazz Band.pdf,253
Inka Dinka Doo,Firehouse Jazz Band.pdf,255
Royal Garden Blues,Firehouse Jazz Band.pdf,257
Eight Nine & Ten,Firehouse Jazz Band.pdf,258
Lassus Trombone,Firehouse Jazz Band.pdf,259
Sugar Foot Strut,Firehouse Jazz Band.pdf,260
Grandpa's Spells,Firehouse Jazz Band.pdf,261
Ice Cream,Firehouse Jazz Band.pdf,263
If You Were The Only Girl In The World,Firehouse Jazz Band.pdf,264
Coney Island Washboard,Firehouse Jazz Band.pdf,265
From Monday On,Firehouse Jazz Band.pdf,267
Find Out What They Like & How They Like It,Firehouse Jazz Band.pdf,268
I'm A Ding Dong Daddy From Dumas,Firehouse Jazz Band.pdf,269
Three Little Words,Firehouse Jazz Band.pdf,270
Black Bottom,Firehouse Jazz Band.pdf,271
Alice Blue Gown,Firehouse Jazz Band.pdf,272
My Blue Heaven,Firehouse Jazz Band.pdf,273
Stardust,Firehouse Jazz Band.pdf,275
Spain,Firehouse Jazz Band.pdf,276
Mister Jelly Lord,Firehouse Jazz Band.pdf,277
Moten Swing (The),Firehouse Jazz Band.pdf,278
Ol' Man Mose,Firehouse Jazz Band.pdf,279
Blues In The Night,Firehouse Jazz Band.pdf,281
Some Sunny Day,Firehouse Jazz Band.pdf,282
Runnin' Wild,Firehouse Jazz Band.pdf,283
Dead Man Blues,Firehouse Jazz Band.pdf,285
Buddy Bolden Blues (Funky Butt),Firehouse Jazz Band.pdf,286
At Sundown,Firehouse Jazz Band.pdf,287
Down Yonder,Firehouse Jazz Band.pdf,289
Sing You Sinners,Firehouse Jazz Band.pdf,291
Algiers Strut,Firehouse Jazz Band.pdf,292
Bay City,Firehouse Jazz Band.pdf,293
Alcoholic Blues,Firehouse Jazz Band.pdf,294
Tuck Me To Sleep In My Old 'Tucky Home,Firehouse Jazz Band.pdf,295
New Orleans Stomp,Firehouse Jazz Band.pdf,297
Mandy Make Up Your Mind,Firehouse Jazz Band.pdf,298
Georgia On My Mind,Firehouse Jazz Band.pdf,299
I'm Coming Virginia,Firehouse Jazz Band.pdf,300
Is It True What They Say About Dixie?,Firehouse Jazz Band.pdf,302
Stars Fell On Alabama,Firehouse Jazz Band.pdf,303
And They Called It Dixieland,Firehouse Jazz Band.pdf,304
I Gotta Right To Sing The Blues,Firehouse Jazz Band.pdf,305
Sweet Georgia Brown,Firehouse Jazz Band.pdf,306
Puttin' On The Ritz,Firehouse Jazz Band.pdf,309
My Bucket's Got A Hole In It,Firehouse Jazz Band.pdf,310
New Orleans Music,Firehouse Jazz Band.pdf,311
Irish Black Bottom,Firehouse Jazz Band.pdf,313
I Like New Orleans,Firehouse Jazz Band.pdf,314
Mardi Gras Mambo,Firehouse Jazz Band.pdf,315
One Sweet Letter From You,Firehouse Jazz Band.pdf,316
Up A Lazy River,Firehouse Jazz Band.pdf,317
After I Say I'm Sorry,Firehouse Jazz Band.pdf,318
St. James Infirmary,Firehouse Jazz Band.pdf,318
Shine,Firehouse Jazz Band.pdf,319
Jazz Me Blues (The),Firehouse Jazz Band.pdf,320
Bye Bye Blackbird (I'm Your Mailman),Firehouse Jazz Band.pdf,321
Who Did You Meet Last Night?,Firehouse Jazz Band.pdf,322
I Like Bananas,Firehouse Jazz Band.pdf,323
In A Shanty In Old Shanty Town,Firehouse Jazz Band.pdf,324
Mahogany Hall Stomp,Firehouse Jazz Band.pdf,325
Maple Leaf Rag (The),Firehouse Jazz Band.pdf,326
Oh Lady Be Good!,Firehouse Jazz Band.pdf,327
Girl Of My Dreams,Firehouse Jazz Band.pdf,329
Somebody Loves Me,Firehouse Jazz Band.pdf,330
Joe Avery Blues,Firehouse Jazz Band.pdf,331
King Porter Stomp (The),Firehouse Jazz Band.pdf,332
Chant (The),Firehouse Jazz Band.pdf,334
Suez,Firehouse Jazz Band.pdf,336
When The Saints Go Marching In,Firehouse Jazz Band.pdf,338
Honeysuckle Rose,Firehouse Jazz Band.pdf,340
Just A Closer Walk,Firehouse Jazz Band.pdf,342
Ma (He's Making Eyes At Me!),Firehouse Jazz Band.pdf,343
Never Hit Your Grandma With A Shovel,Firehouse Jazz Band.pdf,344
Everybody Loves My Baby,Firehouse Jazz Band.pdf,346
Rockin' Chair,Firehouse Jazz Band.pdf,348
Nobody's Sweetheart,Firehouse Jazz Band.pdf,350
St. Louis Blues,Firehouse Jazz Band.pdf,352
I've Found A New Baby,Firehouse Jazz Band.pdf,354
Thatï¿½s A Plenty,Firehouse Jazz Band.pdf,356
Hello Dolly,Firehouse Jazz Band.pdf,359
(Back Home Again In) Indiana,Firehouse Jazz Band.pdf,360
My Melancholy Baby,Firehouse Jazz Band.pdf,362
Alexander's Ragtime Band,Firehouse Jazz Band.pdf,364
Rock-A-Bye Your Baby With A Dixie Melody,Firehouse Jazz Band.pdf,366
12th Street Rag (The),Firehouse Jazz Band.pdf,368
Darktown Strutters' Ball (The),Firehouse Jazz Band.pdf,369
Chinatown My Chinatown,Firehouse Jazz Band.pdf,370
All The Girls Go Crazy 'Bout The Way I Walk (All The Whores Like The Way I Ride),Firehouse Jazz Band.pdf,372
Ain't Misbehavin',Firehouse Jazz Band.pdf,374
Ballin' The Jack,Firehouse Jazz Band.pdf,376
Back To Storyville,Firehouse Jazz Band.pdf,378
Lasses Candy,Firehouse Jazz Band.pdf,379
Ida Sweet As Apple Cider,Firehouse Jazz Band.pdf,380
Riverboat Shuffle,Firehouse Jazz Band.pdf,382
Cornet Chop Suey,Firehouse Jazz Band.pdf,384
Hot Lips,Firehouse Jazz Band.pdf,386
Aunt Hagar's Blues,Firehouse Jazz Band.pdf,387
Sweet Lorraine,Firehouse Jazz Band.pdf,388
Sweet Sue,Firehouse Jazz Band.pdf,390
Avalon,Firehouse Jazz Band.pdf,391
Someday Sweetheart,Firehouse Jazz Band.pdf,392
I've Got A Feeling I'm Falling,Firehouse Jazz Band.pdf,394
Dixie Jamboree,Firehouse Jazz Band.pdf,396
Dinah,Firehouse Jazz Band.pdf,398
Satanic Blues,Firehouse Jazz Band.pdf,400
Rose Of Washington Square,Firehouse Jazz Band.pdf,401
Shake It & Break It (Weary Blues),Firehouse Jazz Band.pdf,403
Careless Love (Loveless Love),Firehouse Jazz Band.pdf,405
Eh La Bas,Firehouse Jazz Band.pdf,406
Jus A Little While To Stay Here,Firehouse Jazz Band.pdf,407
Over In Glory Land,Firehouse Jazz Band.pdf,408
Please Don't Talk About Me When I'm Gone,Firehouse Jazz Band.pdf,409
Take My Hand Precious Lord,Firehouse Jazz Band.pdf,411
Rose Room,Firehouse Jazz Band.pdf,412
Marie,Firehouse Jazz Band.pdf,413
Margie,Firehouse Jazz Band.pdf,415
Save It Pretty Mama,Firehouse Jazz Band.pdf,417
Duff Campbell's Revenge,Firehouse Jazz Band.pdf,418
Kansas City Kitty,Firehouse Jazz Band.pdf,420
High Society,Firehouse Jazz Band.pdf,421
Savoy Blues,Firehouse Jazz Band.pdf,424
Over The Waves,Firehouse Jazz Band.pdf,425
Down At The Old Firehall,Firehouse Jazz Band.pdf,426
Eccentric (That Eccentric Rag),Firehouse Jazz Band.pdf,427
Dardanella,Firehouse Jazz Band.pdf,429
Mama Goes Where Papa Goes,Firehouse Jazz Band.pdf,431
I Can't Believe That You're In Love With Me,Firehouse Jazz Band.pdf,433
Rain,Firehouse Jazz Band.pdf,434
Tain't No Sin To Take Off Your Skin & Dance Around In Your Bones,Firehouse Jazz Band.pdf,435
Ragged But Right,Firehouse Jazz Band.pdf,437
I'm Confessin' That I Love You,Firehouse Jazz Band.pdf,438
Cherry,Firehouse Jazz Band.pdf,439
Take Me To The Land Of Jazz,Firehouse Jazz Band.pdf,441
That's My Home,Firehouse Jazz Band.pdf,442
Emaline,Firehouse Jazz Band.pdf,443
If I Could Be With You One Hour Tonight,Firehouse Jazz Band.pdf,444
When It's Sleepy Time Down South,Firehouse Jazz Band.pdf,445
Who's Sorry Now?,Firehouse Jazz Band.pdf,447
Changes,Firehouse Jazz Band.pdf,449
West End Blues,Firehouse Jazz Band.pdf,451
So Long Dearie,Firehouse Jazz Band.pdf,453
Goofus,Firehouse Jazz Band.pdf,455
June Night,Firehouse Jazz Band.pdf,457
Wedding Bells (Are Breaking Up That Old Gang Of Mine),Firehouse Jazz Band.pdf,458
Body & Soul,Firehouse Jazz Band.pdf,459
What Can I Say Dear After I Say I'm Sorry,Firehouse Jazz Band.pdf,460
The Curse Of An Aching Heart,Firehouse Jazz Band.pdf,461
If I Had You,Firehouse Jazz Band.pdf,462
Chlo-E (Song Of The Swamp),Firehouse Jazz Band.pdf,463
Clementine (From New Orleans),Firehouse Jazz Band.pdf,465
Beale St. Blues,Firehouse Jazz Band.pdf,467
Beale St. Mama,Firehouse Jazz Band.pdf,468
At A Georgia Camp Meeting,Firehouse Jazz Band.pdf,469
Basin St. Stomp (The),Firehouse Jazz Band.pdf,470
Do What Ory Say,Firehouse Jazz Band.pdf,471
Oh Didn't He Ramble,Firehouse Jazz Band.pdf,472
Roses Of Picardy,Firehouse Jazz Band.pdf,473
Bye Bye Blues,Firehouse Jazz Band.pdf,474
Melancholy Blues,Firehouse Jazz Band.pdf,475
Just Wait 'Til You See My Baby Do The Charleston,Firehouse Jazz Band.pdf,477
Whiffenpoof Song (The),Firehouse Jazz Band.pdf,479
Yerba Buena Blues,Firehouse Jazz Band.pdf,480
Dixieland Band (The),Firehouse Jazz Band.pdf,481
If I Ever Cease To Love,Firehouse Jazz Band.pdf,483
Lulu's Back In Town,Firehouse Jazz Band.pdf,484
Don't Bring Lulu,Firehouse Jazz Band.pdf,485
Tia Juana,Firehouse Jazz Band.pdf,487
When Erastus Plays His Old Kazoo,Firehouse Jazz Band.pdf,489
Mabel's Dream,Firehouse Jazz Band.pdf,491
Buddy's Habit,Firehouse Jazz Band.pdf,493
I'll Be A Friend With Pleasure,Firehouse Jazz Band.pdf,495
Winin' Boy (The Winin' Boy Blues),Firehouse Jazz Band.pdf,496
Shim-Me-Sha-Wabble,Firehouse Jazz Band.pdf,497
Down Home Rag (The),Firehouse Jazz Band.pdf,498
Baby Face,Firehouse Jazz Band.pdf,499
Daddy Do,Firehouse Jazz Band.pdf,501
My Heart,Firehouse Jazz Band.pdf,503
I Double Dare You,Firehouse Jazz Band.pdf,505
Minnie The Mermaid,Firehouse Jazz Band.pdf,506
Thou Swell,Firehouse Jazz Band.pdf,507
Georgia Bo-Bo,Firehouse Jazz Band.pdf,508
Jelly Roll Blues (The),Firehouse Jazz Band.pdf,509
Palesteena (Lena The Queen's Palesteena),Firehouse Jazz Band.pdf,511
Lonesomest Gal In Town (The),Firehouse Jazz Band.pdf,513
Bugle Call Rag (The),Firehouse Jazz Band.pdf,515
Jamboree Jones,Firehouse Jazz Band.pdf,517
Floatin' Down To Cotton Town,Firehouse Jazz Band.pdf,519
Sailing Down Chesapeake Bay,Firehouse Jazz Band.pdf,521
Minor Drag (The),Firehouse Jazz Band.pdf,522
Moonlight On The Ganges,Firehouse Jazz Band.pdf,523
Storyville Blues (The),Firehouse Jazz Band.pdf,525
Trouble In Mind,Firehouse Jazz Band.pdf,526
Hotter Than That,Firehouse Jazz Band.pdf,527
Davenport Blues,Firehouse Jazz Band.pdf,529
Since My Best Gal Turned Me Down,Firehouse Jazz Band.pdf,531
New Orleans Joys,Firehouse Jazz Band.pdf,533
Walkin' The Dog,Firehouse Jazz Band.pdf,534
Atlanta Blues (Make Me One Pallet On Your Floor),Firehouse Jazz Band.pdf,535
My Baby,Firehouse Jazz Band.pdf,537
You've Been A Good Ol' Wagon (But You Done Broke Down),Firehouse Jazz Band.pdf,538
You're A Million Miles From Nowhere (When You're One Little Mile From Home),Firehouse Jazz Band.pdf,539
Frankie & Johnnie,Firehouse Jazz Band.pdf,541
You'v Got To See Mamma Ev'ry Night (Or You Can't See Mamma At All),Firehouse Jazz Band.pdf,542
Indian Love Call,Firehouse Jazz Band.pdf,543
Sadie Green (The Vamp Of New Orleans),Firehouse Jazz Band.pdf,545
Gone,Firehouse Jazz Band.pdf,548
Baby Won't You Please Come Home,Firehouse Jazz Band.pdf,549
You Can Depend On Me,Firehouse Jazz Band.pdf,550
When Ragtime Rosie Ragged The Rosary,Firehouse Jazz Band.pdf,551
Hesitating Blues (The),Firehouse Jazz Band.pdf,553
Strut Miss Lizzie,Firehouse Jazz Band.pdf,555
I'm Getting Sentimental (F Major),Firehouse Jazz Band.pdf,557
I'm Getting Sentimental (Bb Major),Firehouse Jazz Band.pdf,558
Aun't Hagar's Blues (Aun't Hagar's Children Blues),Firehouse Jazz Band.pdf,559
Lone Gone (From Bowlin' Green),Firehouse Jazz Band.pdf,561
Here Comes My Ball & Chain,Firehouse Jazz Band.pdf,563
When The Midnight Choo-Choo Leaves For Alabam',Firehouse Jazz Band.pdf,565
Aggravatin' Papa (Don't You Try To Two-Time Me),Firehouse Jazz Band.pdf,567
At The Devil's Ball,Firehouse Jazz Band.pdf,569
Mandy (There's A Mister Handy),Firehouse Jazz Band.pdf,571
Red Hot Mama,Firehouse Jazz Band.pdf,572
Sunset Cafe Stomp,Firehouse Jazz Band.pdf,573
Skeleton Jangle,Firehouse Jazz Band.pdf,575
It's Tight Like That,Firehouse Jazz Band.pdf,577
Love Me Or Leave Me,Firehouse Jazz Band.pdf,578
Burnin' The Iceberg,Firehouse Jazz Band.pdf,579
Pearls (The),Firehouse Jazz Band.pdf,581
Willie The Weeper,Firehouse Jazz Band.pdf,583
Hear Me Talkin' To Ya',Firehouse Jazz Band.pdf,584
Louisiana Fairytale,Firehouse Jazz Band.pdf,585
Chattanooga Stomp,Firehouse Jazz Band.pdf,587
Ciribiribin,Firehouse Jazz Band.pdf,589
Bugle Boy March,Firehouse Jazz Band.pdf,591
Grizzly Bear Rag (The),Firehouse Jazz Band.pdf,593
World Is Waiting For The Sinrise (The),Firehouse Jazz Band.pdf,594
Farewell To Storyville (The Good Time Flat Blues),Firehouse Jazz Band.pdf,595
(Here Comes The) Hot Tamale Man,Firehouse Jazz Band.pdf,596
Lovin' Sam (The Sheik Of Alabam'),Firehouse Jazz Band.pdf,598
Pagan Love Song,Firehouse Jazz Band.pdf,600
Ble (And Broken-Hearted),Firehouse Jazz Band.pdf,601
He May Be Your Man (But He Comes To See Me Sometimes),Firehouse Jazz Band.pdf,602
Dear Old Southland,Firehouse Jazz Band.pdf,604
Old Fashioned Love,Firehouse Jazz Band.pdf,605
Roll The Patrol,Firehouse Jazz Band.pdf,606
Stumbling,Firehouse Jazz Band.pdf,608
Silver Dollar,Firehouse Jazz Band.pdf,609
How Come You Do Me Like You Do?,Firehouse Jazz Band.pdf,610
Coquette,Firehouse Jazz Band.pdf,611
Pretty Baby,Firehouse Jazz Band.pdf,612
Corrine Corrina,Firehouse Jazz Band.pdf,613
Jimtown Blues,Firehouse Jazz Band.pdf,614
Sobbin' Blues,Firehouse Jazz Band.pdf,616
Wild Man Blues,Firehouse Jazz Band.pdf,617
Lucy Long,Firehouse Jazz Band.pdf,618
Chicago Breakdown,Firehouse Jazz Band.pdf,620
Down In Jungle Town,Firehouse Jazz Band.pdf,622
She Looks Like Helen Brown,Firehouse Jazz Band.pdf,623
Minnie The Moocher,Firehouse Jazz Band.pdf,624
Second Hand Rose,Firehouse Jazz Band.pdf,626
Moanin' Low,Firehouse Jazz Band.pdf,627
On The Alamo,Firehouse Jazz Band.pdf,628
Yes I'm In The Barrel,Firehouse Jazz Band.pdf,630
American Patrol (The),Firehouse Jazz Band.pdf,631
How Can You Face Me?,Firehouse Jazz Band.pdf,632
Stavin' Change,Firehouse Jazz Band.pdf,634
March Of The Bobcats,Firehouse Jazz Band.pdf,635
Big Boy,Firehouse Jazz Band.pdf,636
Because My Baby Don't Mean 'Maybe' Now,Firehouse Jazz Band.pdf,637
I Love My Baby,Firehouse Jazz Band.pdf,638
Rhythm King,Firehouse Jazz Band.pdf,640
Bessie Couldn't Help It,Firehouse Jazz Band.pdf,642
Black Bottom Stomp (The) (Queen Of Spades),Firehouse Jazz Band.pdf,644
For Sale (Hannah Johnson's Big Black Ass),Firehouse Jazz Band.pdf,645
Papa De-Da-Da (A New Orleans Stomp),Firehouse Jazz Band.pdf,646
Doin' The New Low-Down,Firehouse Jazz Band.pdf,647
Some Sweet Day,Firehouse Jazz Band.pdf,648
Whiteman Stomp (The),Firehouse Jazz Band.pdf,650
Emperor Norton's Hunch,Firehouse Jazz Band.pdf,652
I'm Wild About Horns On Automobiles,Firehouse Jazz Band.pdf,653
My Window Faces The South,Firehouse Jazz Band.pdf,655
Hyena Stomp,Firehouse Jazz Band.pdf,657
Burgundy Street Blues (The),Firehouse Jazz Band.pdf,659
Perdido,Firehouse Jazz Band.pdf,660
Big Bear Stomp,Firehouse Jazz Band.pdf,661
Take Your Tomorrow,Firehouse Jazz Band.pdf,663
Right Or Wrong,Firehouse Jazz Band.pdf,666
Blue River,Firehouse Jazz Band.pdf,668
Creole Belles,Firehouse Jazz Band.pdf,670
That's Where The South Begins,Firehouse Jazz Band.pdf,672
Just A Gigolo,Firehouse Jazz Band.pdf,673
Zonky,Firehouse Jazz Band.pdf,674
Egyptian Ella,Firehouse Jazz Band.pdf,676
Down In Borneo Isle,Firehouse Jazz Band.pdf,678
Annie Street Rock,Firehouse Jazz Band.pdf,680
Jazz Baby,Firehouse Jazz Band.pdf,682
Sophisticated Lady,Firehouse Jazz Band.pdf,684
Afghanistan (A Romance Of Asia),Firehouse Jazz Band.pdf,685
Who Threw Whiskey In The Well?,Firehouse Jazz Band.pdf,686
I Can't Let 'Em Suffer,Firehouse Jazz Band.pdf,688
Flee As A Bird,Firehouse Jazz Band.pdf,690
Borneo,Firehouse Jazz Band.pdf,691
Sorry,Firehouse Jazz Band.pdf,692
That Dixie Jazz,Firehouse Jazz Band.pdf,694
Washboard Blues,Firehouse Jazz Band.pdf,696
Red Hot & Blue Rhythm,Firehouse Jazz Band.pdf,698
Tain't Nothin' Else But Jazz,Firehouse Jazz Band.pdf,700
Radio Papa,Firehouse Jazz Band.pdf,701
Waitin' For The Robert E. Lee,Firehouse Jazz Band.pdf,702
Lazy Daddy,Firehouse Jazz Band.pdf,705
Back In Your Own Back Yard,Firehouse Jazz Band.pdf,706
There'll Come A Time,Firehouse Jazz Band.pdf,708
Isle Of Capri (The),Firehouse Jazz Band.pdf,710
Blue Prelude,Firehouse Jazz Band.pdf,711
At The Codfish Ball,Firehouse Jazz Band.pdf,712
Blue Again,Firehouse Jazz Band.pdf,713
I'll Never Be The Same,Firehouse Jazz Band.pdf,714
Jackass Blues,Firehouse Jazz Band.pdf,715
That's No Bargain,Firehouse Jazz Band.pdf,716
Don't Take That Black Bottom Away,Firehouse Jazz Band.pdf,718
Ol' Man River,Firehouse Jazz Band.pdf,720
Midnight Mamma,Firehouse Jazz Band.pdf,722
Wild Cherries Rag,Firehouse Jazz Band.pdf,724
My Little Bimbo Down On The Bamboo Isle,Firehouse Jazz Band.pdf,726
Nobody Knows What A Red-Head Mamma Can Do,Firehouse Jazz Band.pdf,728
Sleepy Time Gal,Firehouse Jazz Band.pdf,730
World's Jazz Crazy (And So Am I) (The),Firehouse Jazz Band.pdf,731
Cleopatra Had A Jazz Band,Firehouse Jazz Band.pdf,732
My Pretty Girl,Firehouse Jazz Band.pdf,734
Love Nest (The),Firehouse Jazz Band.pdf,736
Old Rugged Cross (The),Firehouse Jazz Band.pdf,737
She's A Great Great Girl,Firehouse Jazz Band.pdf,738
Hambone Kelly,Firehouse Jazz Band.pdf,740
Temptation Blues,Firehouse Jazz Band.pdf,741
I'm Goin' Huntin',Firehouse Jazz Band.pdf,742
King Chanticleer,Firehouse Jazz Band.pdf,744
Exactly Like You,Firehouse Jazz Band.pdf,746
I Can't Give You Anything But Love,Firehouse Jazz Band.pdf,747
New Orleans Hop Scop Blues,Firehouse Jazz Band.pdf,748
Mooche (The),Firehouse Jazz Band.pdf,751
Sweet Savannah Sue,Firehouse Jazz Band.pdf,753
New Orleans Wiggle,Firehouse Jazz Band.pdf,755
She's Crying For Me,Firehouse Jazz Band.pdf,757
My Sweet Lovin' Man,Firehouse Jazz Band.pdf,759
Am I Blue?,Firehouse Jazz Band.pdf,760
Stevedore Stomp,Firehouse Jazz Band.pdf,761
There Ain't No Sweet Man That's Worth The Salt Of My Tears,Firehouse Jazz Band.pdf,763
Choo Choo Ch'Boogie,Firehouse Jazz Band.pdf,764
Sidewalk Blues,Firehouse Jazz Band.pdf,765
That's My Weakness Now,Firehouse Jazz Band.pdf,767
I Guess I'll Get The Papers & Go Home,Firehouse Jazz Band.pdf,768
Perdido Street Blues,Firehouse Jazz Band.pdf,769
Big Noise From Winnetka,Firehouse Jazz Band.pdf,771
Flat Foot Floogie (The),Firehouse Jazz Band.pdf,773
Old Folks,Firehouse Jazz Band.pdf,774
A Porter's Love Song To A Chambermaid,Firehouse Jazz Band.pdf,775
Robbin's Nest,Firehouse Jazz Band.pdf,777