12th Street Rag  ,JAZZFAKE.pdf,400
9:20 Special   ,JAZZFAKE.pdf,274
AC-DC Current  ,JAZZFAKE.pdf,34
Across The Alley From The Alamo  ,JAZZFAKE.pdf,33
After Hours ,JAZZFAKE.pdf,31
After You've Gone,JAZZFAKE.pdf,32
Afternoon In  Paris,JAZZFAKE.pdf,34
Ah-Leu-Cha  ,JAZZFAKE.pdf,35
Ain't Misbehavin' ,JAZZFAKE.pdf,35
Air Mail Special  ,JAZZFAKE.pdf,37
Airegin  ,JAZZFAKE.pdf,36
All About Ronnie ,JAZZFAKE.pdf,37
All Blues ,JAZZFAKE.pdf,38
All Of Me      ,JAZZFAKE.pdf,38
All Of You      ,JAZZFAKE.pdf,38
All Or Nothing   At All   ,JAZZFAKE.pdf,40
All The Things  You   Are ,JAZZFAKE.pdf,39
Along Came   Betty    ,JAZZFAKE.pdf,42
Alright  Okay You    Win  ,JAZZFAKE.pdf,41
Amapola  (Pretty Little Poppy)      ,JAZZFAKE.pdf,42
Amazing  Grace      ,JAZZFAKE.pdf,43
Among My  Souvenirs     ,JAZZFAKE.pdf,43
And All That   jazz   ,JAZZFAKE.pdf,45
Angel  Eyes      ,JAZZFAKE.pdf,44
Another  Hairdo      ,JAZZFAKE.pdf,44
Apple  Core ,JAZZFAKE.pdf,46
Apple  Honey ,JAZZFAKE.pdf,47
Aren't You Glad You're You   ,JAZZFAKE.pdf,47
As Catch Can  ,JAZZFAKE.pdf,48
Au Privave  ,JAZZFAKE.pdf,49
Autumn  Leaves ,JAZZFAKE.pdf,49
Baby   ,JAZZFAKE.pdf,49
Bags' Groove ,JAZZFAKE.pdf,50
Bags' New Groove ,JAZZFAKE.pdf,50
Ballad (A) ,JAZZFAKE.pdf,51
Ballin' The Jack  ,JAZZFAKE.pdf,52
Barbados  ,JAZZFAKE.pdf,51
Basin Street Blues,JAZZFAKE.pdf,53
Beautiful Friendship (A)  ,JAZZFAKE.pdf,52
Be-Bop   ,JAZZFAKE.pdf,53
Bernie's Tune  ,JAZZFAKE.pdf,54
Bess You Is My Woman ,JAZZFAKE.pdf,55
Best Is Yet To  Come (The) ,JAZZFAKE.pdf,55
Best Things In  Life Are Free (The) ,JAZZFAKE.pdf,56
Bewitched   ,JAZZFAKE.pdf,57
Big P  ,JAZZFAKE.pdf,57
Bill Bailey  ,JAZZFAKE.pdf,58
Billie's Bounce  ,JAZZFAKE.pdf,60
Bird Feathers  ,JAZZFAKE.pdf,58
Birdland   ,JAZZFAKE.pdf,59
Birds Of A Feather  ,JAZZFAKE.pdf,60
Blessing (The)   ,JAZZFAKE.pdf,61
Bloomdido   ,JAZZFAKE.pdf,61
Blue And Sentimental  ,JAZZFAKE.pdf,62
Blue Champagne)  ,JAZZFAKE.pdf,63
Blue Haze  ,JAZZFAKE.pdf,64
Blue In Green ,JAZZFAKE.pdf,63
Blue 'N Boogie  ,JAZZFAKE.pdf,61
Blueberry Hill   ,JAZZFAKE.pdf,64
Blues For Pablo ,JAZZFAKE.pdf,69
Blues In The Closet,JAZZFAKE.pdf,65
Blues In The Night,JAZZFAKE.pdf,65
Bluesette   ,JAZZFAKE.pdf,67
Body And Soul ,JAZZFAKE.pdf,66
Boogie Woogie (The Original)   ,JAZZFAKE.pdf,67
Boplicity (Bebop Lives)   ,JAZZFAKE.pdf,69
Born To Be Blue ,JAZZFAKE.pdf,70
Breeze  And 1 (The),JAZZFAKE.pdf,71
Budo   ,JAZZFAKE.pdf,72
Bud's Blues  ,JAZZFAKE.pdf,71
But Beautiful  ,JAZZFAKE.pdf,73
Button Up Your Overcoat   ,JAZZFAKE.pdf,72
Buzzy   ,JAZZFAKE.pdf,73
Bye Bye Blackbird ,JAZZFAKE.pdf,74
Bye Bye Blues ,JAZZFAKE.pdf,74
C.C. Rider   ,JAZZFAKE.pdf,77
Caldonia   ,JAZZFAKE.pdf,75
Candy   ,JAZZFAKE.pdf,76
Can't Help Lovin' Dat Man  ,JAZZFAKE.pdf,75
Cape Verdean Blues (The)   ,JAZZFAKE.pdf,77
Carioca   ,JAZZFAKE.pdf,8
Carolina Moon 80 Cat Walk (The)   ,JAZZFAKE.pdf,78
Champ (The)   ,JAZZFAKE.pdf,80
Charmaine   ,JAZZFAKE.pdf,79
Chasing The Bird  ,JAZZFAKE.pdf,80
Chega De Saudade (No More Blues) ,JAZZFAKE.pdf,81
Chelsea Bridge  ,JAZZFAKE.pdf,82
Cherokee (Indian Love Song)  ,JAZZFAKE.pdf,82
Cheryl   ,JAZZFAKE.pdf,83
Choo Choo Ch' Boogie  ,JAZZFAKE.pdf,83
Christmas Song (The)  ,JAZZFAKE.pdf,84
Close As Pages In A Book ,JAZZFAKE.pdf,85
Come Rain Or Come Shine,JAZZFAKE.pdf,85
Come Sunday  ,JAZZFAKE.pdf,86
Comes Love   ,JAZZFAKE.pdf,87
Confirmation   ,JAZZFAKE.pdf,87
Cottage For   Salt (A),JAZZFAKE.pdf,89
Count Every   Star,JAZZFAKE.pdf,88
Crazy Rhythm   ,JAZZFAKE.pdf,90
Cry Me A River   ,JAZZFAKE.pdf,91
Cute   ,JAZZFAKE.pdf,90
D.C. Farewell   ,JAZZFAKE.pdf,92
Daahoud   ,JAZZFAKE.pdf,92
Darn That  Dream,JAZZFAKE.pdf,93
Day In The Life Of A Fool (A),JAZZFAKE.pdf,93
Dearly  Beloved ,JAZZFAKE.pdf,95
Deed I Do ,JAZZFAKE.pdf,95
Desafinado (Slightly Out Of Tune)   ,JAZZFAKE.pdf,96
Dewey Square   ,JAZZFAKE.pdf,94
Dinah   ,JAZZFAKE.pdf,97
Dizzy Atmosphere   ,JAZZFAKE.pdf,97
Django   ,JAZZFAKE.pdf,99
Do Nothin' Till You Hear From Me,JAZZFAKE.pdf,98
Do You Know What It Means To Miss New Orleans? ,JAZZFAKE.pdf,99
Donna Lee  ,JAZZFAKE.pdf,102
Don't Explain  ,JAZZFAKE.pdf,101
Don't Get Around Much Anymore,JAZZFAKE.pdf,101
Don't Let The Sun Catch You Cryin',JAZZFAKE.pdf,100
Don't Take Your Love From Me,JAZZFAKE.pdf,103
Doodlin'   ,JAZZFAKE.pdf,104
Down By The Riverside ,JAZZFAKE.pdf,103
Doxy   ,JAZZFAKE.pdf,104
Duke (The)  ,JAZZFAKE.pdf,105
Earl (The)  ,JAZZFAKE.pdf,105
Early Autumn  ,JAZZFAKE.pdf,107
East Of The Sun ,JAZZFAKE.pdf,106
Easy To Love ,JAZZFAKE.pdf,106
Ecaroh   ,JAZZFAKE.pdf,107
Elsa   ,JAZZFAKE.pdf,108
End Of A Love Affair (The)  ,JAZZFAKE.pdf,109
Everybody Loves My Baby  ,JAZZFAKE.pdf,110
Everything Happens To Me,JAZZFAKE.pdf,111
Everything's  Coming Up Roses ,JAZZFAKE.pdf,112
Ev'ry Time We Say Goodbye  ,JAZZFAKE.pdf,109
Exactly Like You  ,JAZZFAKE.pdf,113
Failing In Love With Love  ,JAZZFAKE.pdf,113
Felicidade(A)   ,JAZZFAKE.pdf,30
Festive Minor  ,JAZZFAKE.pdf,116
Fever   ,JAZZFAKE.pdf,114
Fiesta In Blue  ,JAZZFAKE.pdf,115
Fine And Mellow  ,JAZZFAKE.pdf,117
Fine Romance (A)  ,JAZZFAKE.pdf,116
Fly Me To The Moon,JAZZFAKE.pdf,118
Flying Home  ,JAZZFAKE.pdf,119
Foggy Day (A)  ,JAZZFAKE.pdf,119
Fool That I Am,JAZZFAKE.pdf,120
Footprints   ,JAZZFAKE.pdf,121
For All We Know  ,JAZZFAKE.pdf,121
For Every Man There's A Woman  ,JAZZFAKE.pdf,122
For Sentimental Reasons  ,JAZZFAKE.pdf,123
For You For Me For Evermore  ,JAZZFAKE.pdf,123
Four   ,JAZZFAKE.pdf,122
Four Brothers  ,JAZZFAKE.pdf,124
Four Others  ,JAZZFAKE.pdf,124
Frankie  And Johnny ,JAZZFAKE.pdf,125
Fried Bananas   ,JAZZFAKE.pdf,125
From This Moment On  ,JAZZFAKE.pdf,127
Frosty The Snow Man   ,JAZZFAKE.pdf,126
Gee Baby Ain't I Good To You ,JAZZFAKE.pdf,127
Get Out Of Town,JAZZFAKE.pdf,129
Getting To Know You,JAZZFAKE.pdf,129
Ghost Of A Chance (A) ,JAZZFAKE.pdf,128
Girl From Ipanema (The)  ,JAZZFAKE.pdf,131
Glory Of Love (The)   ,JAZZFAKE.pdf,132
Glow Worm (The)  ,JAZZFAKE.pdf,133
God Bless' The Child   ,JAZZFAKE.pdf,130
Goin' Out Of My Head  ,JAZZFAKE.pdf,133
Gone With The Wind  ,JAZZFAKE.pdf,134
Good Bait  ,JAZZFAKE.pdf,135
Good Life (The)  ,JAZZFAKE.pdf,135
Good Man Is Hard To Find (A) ,JAZZFAKE.pdf,136
Goodbye Pork Pie  Hat ,JAZZFAKE.pdf,136
Greensleeves   ,JAZZFAKE.pdf,137
Groovin! High   ,JAZZFAKE.pdf,137
Guess Who I Saw Today   ,JAZZFAKE.pdf,138
Gypsy (The)   ,JAZZFAKE.pdf,139
Half Nelson  ,JAZZFAKE.pdf,139
Hallelujah I Love Him (Her) So   ,JAZZFAKE.pdf,140
Happy Talk  ,JAZZFAKE.pdf,142
Harlem Nocturne  ,JAZZFAKE.pdf,143
Harold's House Of Jazz  ,JAZZFAKE.pdf,141
Haunted Heart   ,JAZZFAKE.pdf,143
Have You Met Miss Jones?,JAZZFAKE.pdf,142
Hello Dolly!   ,JAZZFAKE.pdf,144
Hello Young Lovers   ,JAZZFAKE.pdf,145
Here's That Rainy Day,JAZZFAKE.pdf,146
HiFly   ,JAZZFAKE.pdf,145
High Society  ,JAZZFAKE.pdf,146
Honeysuckle  Rose ,JAZZFAKE.pdf,147
Hooray  For Love ,JAZZFAKE.pdf,147
How High The Moon,JAZZFAKE.pdf,148
How Insensitive  ,JAZZFAKE.pdf,149
I Can't Get Started  ,JAZZFAKE.pdf,149
I Can't Give You Anything But Love ,JAZZFAKE.pdf,150
I Concentrate On You ,JAZZFAKE.pdf,151
I Could A Book ,JAZZFAKE.pdf,152
I Could Have Danced All Night,JAZZFAKE.pdf,152
I Cover The Waterfront ,JAZZFAKE.pdf,153
I Cried For You ,JAZZFAKE.pdf,153
I Didn't Know What Time It Was,JAZZFAKE.pdf,154
I Don't Know Why (I just Do),JAZZFAKE.pdf,155
I Love Lucy ,JAZZFAKE.pdf,157
I Love Paris ,JAZZFAKE.pdf,158
I Love You ,JAZZFAKE.pdf,159
I Loves You Porgy  ,JAZZFAKE.pdf,158
I Remember  ,JAZZFAKE.pdf,160
I Remember Clifford ,JAZZFAKE.pdf,159
I Remember When (Si Tu Vois Me Mere),JAZZFAKE.pdf,161
I Won't Dance  ,JAZZFAKE.pdf,165
If Ever I Would Leave You,JAZZFAKE.pdf,175
If I Were  A  Bell,JAZZFAKE.pdf,176
I'll  Always Be In Love With You,JAZZFAKE.pdf,162
I'll  Be Around,JAZZFAKE.pdf,164
I'll  Be Seeing You,JAZZFAKE.pdf,166
I'll Get By (As Long As I Have You)  ,JAZZFAKE.pdf,166
I'll Never Smile Again ,JAZZFAKE.pdf,167
I'll Remember April ,JAZZFAKE.pdf,167
I'll Take Romance ,JAZZFAKE.pdf,169
I'll Walk Alone ,JAZZFAKE.pdf,169
Ill Wind  ,JAZZFAKE.pdf,177
I'm Beginning To See The Light ,JAZZFAKE.pdf,168
I'm Confessin' That I Love You ,JAZZFAKE.pdf,170
I'm Glad There Is You,JAZZFAKE.pdf,171
I'm Gonna Sit Right Down And Write Myself A Letter ,JAZZFAKE.pdf,171
I'm Old Fashioned ,JAZZFAKE.pdf,172
I'm Sitting On Top Of The World ,JAZZFAKE.pdf,173
Imagination   ,JAZZFAKE.pdf,178
In A Little Spanish Town,JAZZFAKE.pdf,179
In A Shanty In Old Shanty Town,JAZZFAKE.pdf,181
In A Silent Way,JAZZFAKE.pdf,179
In The Blue Of Evening,JAZZFAKE.pdf,181
In The Mood ,JAZZFAKE.pdf,180
In The Still Of The Night,JAZZFAKE.pdf,182
Indiana   ,JAZZFAKE.pdf,183
Infant Eyes  ,JAZZFAKE.pdf,183
Inner Space   ,JAZZFAKE.pdf,183
Intermission Riff  ,JAZZFAKE.pdf,184
Is You Is Or Is You Ain't      ,JAZZFAKE.pdf,187
It Ain't Necessarily So    ,JAZZFAKE.pdf,185
It Might As Well Be Spring   ,JAZZFAKE.pdf,188
It Never Entered My Mind   ,JAZZFAKE.pdf,186
It's  All Right With Me,JAZZFAKE.pdf,189
It's A Blue     ,JAZZFAKE.pdf,189
It's Magic     ,JAZZFAKE.pdf,191
It's Not For Me To Say    ,JAZZFAKE.pdf,190
It's Only A Paper Moon   ,JAZZFAKE.pdf,191
It's Sand Man    ,JAZZFAKE.pdf,192
It's The Talk Of The Town   ,JAZZFAKE.pdf,193
I've Got You Under My Skin ,JAZZFAKE.pdf,174
I've Grown Accustomed To Her Face   ,JAZZFAKE.pdf,173
I've Heard That Song Before    ,JAZZFAKE.pdf,177
Jazz-Me Blues (The)   ,JAZZFAKE.pdf,194
Jeannine   ,JAZZFAKE.pdf,196
Jelly Roll Blues  ,JAZZFAKE.pdf,195
Jersey Bounce   ,JAZZFAKE.pdf,197
Jeru   ,JAZZFAKE.pdf,196
Jim   ,JAZZFAKE.pdf,197
Jingle-Bell Rock   ,JAZZFAKE.pdf,198
Jive At Five  ,JAZZFAKE.pdf,200
Johnny One Note  ,JAZZFAKE.pdf,199
Johnny's Theme  ,JAZZFAKE.pdf,200
Johnson Rag   ,JAZZFAKE.pdf,202
Joint Is Jumpin' (The) ,JAZZFAKE.pdf,201
Jor Du   ,JAZZFAKE.pdf,202
Juke Box Saturday Night  ,JAZZFAKE.pdf,203
Jumpin' With Symphony Sid ,JAZZFAKE.pdf,203
June Is Bustin' Out All Over ,JAZZFAKE.pdf,205
June Night  ,JAZZFAKE.pdf,204
just In Time ,JAZZFAKE.pdf,205
Killer Joe  ,JAZZFAKE.pdf,206
King Porter Stomp   ,JAZZFAKE.pdf,207
Ko Ko  ,JAZZFAKE.pdf,206
Lady Is A Tramp (The) ,JAZZFAKE.pdf,208
Lands End   ,JAZZFAKE.pdf,209
Last Time I Saw Paris (The) ,JAZZFAKE.pdf,209
Laugh! Clown! Laugh!  ,JAZZFAKE.pdf,210
Lazy Afternoon  ,JAZZFAKE.pdf,211
Lees Dance  ,JAZZFAKE.pdf,216
Lennie's Pennies   ,JAZZFAKE.pdf,211
Lester Left Town ,JAZZFAKE.pdf,210
Let It Snow! Let It Snow! Let It Snow!,JAZZFAKE.pdf,212
Let The Good  ,JAZZFAKE.pdf,213
Let There Be Love ,JAZZFAKE.pdf,213
Let There Be You ,JAZZFAKE.pdf,214
Let's Call The Whole Thing Off ,JAZZFAKE.pdf,215
Let's Fall In Love ,JAZZFAKE.pdf,217
Let's Get Away From It All ,JAZZFAKE.pdf,217
Life Is just A Bowl Of Cherries ,JAZZFAKE.pdf,216
Like Someone In Love,JAZZFAKE.pdf,218
L'il Darlin'  ,JAZZFAKE.pdf,208
Limelight   ,JAZZFAKE.pdf,219
Line For Lyons  ,JAZZFAKE.pdf,219
Linger Awhile   ,JAZZFAKE.pdf,220
Little Boat  ,JAZZFAKE.pdf,221
Little Girl  ,JAZZFAKE.pdf,221
Little Girl Blue ,JAZZFAKE.pdf,222
Little Niles  ,JAZZFAKE.pdf,222
Little Willie Leaps  ,JAZZFAKE.pdf,223
Lonely Woman  ,JAZZFAKE.pdf,223
Long Ago (And Far Away) ,JAZZFAKE.pdf,224
Look For The Silver Lining  ,JAZZFAKE.pdf,224
Lost In The Stars,JAZZFAKE.pdf,225
Lot Of Livin' To Do (A)   ,JAZZFAKE.pdf,226
Louisiana   ,JAZZFAKE.pdf,227
Love Walked  In,JAZZFAKE.pdf,235
Lover Man (Oh Where Can You Be?)   ,JAZZFAKE.pdf,232
Lullaby Of Birdland ,JAZZFAKE.pdf,233
Lullaby Of The Leaves,JAZZFAKE.pdf,230
Lush Life  ,JAZZFAKE.pdf,231
Mad About Him Sad Without Him ,JAZZFAKE.pdf,234
Mad About The Boy  ,JAZZFAKE.pdf,236
Make Someone Happy   ,JAZZFAKE.pdf,237
Malaguena   ,JAZZFAKE.pdf,237
Man That Got Away (The),JAZZFAKE.pdf,239
Manhattan   ,JAZZFAKE.pdf,239
Maple Leaf Rag   ,JAZZFAKE.pdf,242
Margie   ,JAZZFAKE.pdf,235
Marmaduke   ,JAZZFAKE.pdf,241
Mean To Me ,JAZZFAKE.pdf,243
Meditation   ,JAZZFAKE.pdf,243
Memories  Of You,JAZZFAKE.pdf,244
Memphis  In June ,JAZZFAKE.pdf,245
Mercy Mercy  Mercy,JAZZFAKE.pdf,241
Merry Christmas Baby  ,JAZZFAKE.pdf,246
Midnight  Blue ,JAZZFAKE.pdf,247
Midnight  Sun ,JAZZFAKE.pdf,249
Miles Ahead  ,JAZZFAKE.pdf,249
Milestones   ,JAZZFAKE.pdf,248
Minor Swing   ,JAZZFAKE.pdf,250
Misty   ,JAZZFAKE.pdf,251
Mohawk   ,JAZZFAKE.pdf,251
Moon Love  ,JAZZFAKE.pdf,252
Moon Rays  ,JAZZFAKE.pdf,252
Moonglow   ,JAZZFAKE.pdf,253
Moonlight And Roses   ,JAZZFAKE.pdf,254
Moonlight Bay   ,JAZZFAKE.pdf,253
Moonlight Cocktail   ,JAZZFAKE.pdf,255
Moonlight In Vermont ,JAZZFAKE.pdf,255
Moonlight On The Ganges ,JAZZFAKE.pdf,254
Moose The Mooche  ,JAZZFAKE.pdf,256
More   ,JAZZFAKE.pdf,257
More Than You Know ,JAZZFAKE.pdf,257
Moten Swing   ,JAZZFAKE.pdf,260
My Favorite Things  ,JAZZFAKE.pdf,259
My Flamingo  ,JAZZFAKE.pdf,118
My Foolish Heart  ,JAZZFAKE.pdf,259
My Funny Valentine ,JAZZFAKE.pdf,258
My Heart Belongs To Daddy,JAZZFAKE.pdf,261
My Little Suede Shoes ,JAZZFAKE.pdf,261
My Man's Gone Now ,JAZZFAKE.pdf,263
My Melancholy Baby  ,JAZZFAKE.pdf,264
My Monday Date ,JAZZFAKE.pdf,262
My One And Only Love ,JAZZFAKE.pdf,265
My Prayer  ,JAZZFAKE.pdf,266
My Romance  ,JAZZFAKE.pdf,267
My Shining Hour  ,JAZZFAKE.pdf,266
My Ship  ,JAZZFAKE.pdf,267
Nardis   ,JAZZFAKE.pdf,268
Nefertiti   ,JAZZFAKE.pdf,268
Nevertheless (I'm In Love With You)! ,JAZZFAKE.pdf,269
New Frankie And Johnnie Song (The) ,JAZZFAKE.pdf,269
New York Afternoon  ,JAZZFAKE.pdf,271
Nica's Dream  ,JAZZFAKE.pdf,270
Nice Work If You Can Get It ,JAZZFAKE.pdf,271
Night In Tunisia(A) ,JAZZFAKE.pdf,274
Nightingale Sang In Berkeley Square(A)  ,JAZZFAKE.pdf,273
Nippon Soul   ,JAZZFAKE.pdf,275
No Moon At All  ,JAZZFAKE.pdf,275
No More Blues  ,JAZZFAKE.pdf,81
None But The Lonely Heart   ,JAZZFAKE.pdf,276
Now He Sings ,JAZZFAKE.pdf,277
Now's The Time   ,JAZZFAKE.pdf,278
Oh What A Beautiful Mornin'  ,JAZZFAKE.pdf,279
Oh! Look At Me Now  ,JAZZFAKE.pdf,278
Oh! What It Seemed To Be ,JAZZFAKE.pdf,279
Oh! You Beautiful Doll  ,JAZZFAKE.pdf,281
Ol' Man River  ,JAZZFAKE.pdf,280
Old Devil Moon  ,JAZZFAKE.pdf,281
Oleo   ,JAZZFAKE.pdf,283
On A Clear Day (You Can See Forever),JAZZFAKE.pdf,282
On A Little Street In Singapore,JAZZFAKE.pdf,293
On A Slow Boat To China ,JAZZFAKE.pdf,285
On The Street Where You Live,JAZZFAKE.pdf,284
On The Sunny Side Of The Street,JAZZFAKE.pdf,285
Once  Upon A Summertime ,JAZZFAKE.pdf,286
One By One ,JAZZFAKE.pdf,291
One Mint Julep ,JAZZFAKE.pdf,287
One Note Samba ,JAZZFAKE.pdf,288
Open Country  ,JAZZFAKE.pdf,289
Opus One  ,JAZZFAKE.pdf,290
Orchids  In The Moonlight ,JAZZFAKE.pdf,291
Organ Grinder(The)   ,JAZZFAKE.pdf,292
Ornithology   ,JAZZFAKE.pdf,292
Out To Lunch   ,JAZZFAKE.pdf,293
Paper Doll   ,JAZZFAKE.pdf,293
Parker's Mood   ,JAZZFAKE.pdf,293
Party's Over (The)  ,JAZZFAKE.pdf,292
Paul's Pal   ,JAZZFAKE.pdf,296
Peanut Vendor (The)  ,JAZZFAKE.pdf,297
Peel Me A Grape  ,JAZZFAKE.pdf,298
Pennies From Heaven  ,JAZZFAKE.pdf,295
People   ,JAZZFAKE.pdf,299
People Will Say We're In Love,JAZZFAKE.pdf,299
Perdido   ,JAZZFAKE.pdf,300
Perhaps   ,JAZZFAKE.pdf,300
Pick Yourself Up   ,JAZZFAKE.pdf,301
Poinciana (Song Of The Tree)   ,JAZZFAKE.pdf,301
Polka Dots And Moonbeams ,JAZZFAKE.pdf,303
Pompton Turnpike   ,JAZZFAKE.pdf,302
Pools   ,JAZZFAKE.pdf,304
Preacher (The)   ,JAZZFAKE.pdf,305
Put On A Happy Face,JAZZFAKE.pdf,304
Put Your Little Foot Right Out  ,JAZZFAKE.pdf,305
Quasimodo   ,JAZZFAKE.pdf,307
Quiet Nights Of Quiet Stars (Corcovado)  ,JAZZFAKE.pdf,308
Quiet Now  ,JAZZFAKE.pdf,306
Rain   ,JAZZFAKE.pdf,309
Rain In Spain (The)   ,JAZZFAKE.pdf,309
Raincheck   ,JAZZFAKE.pdf,311
Random Thoughts   ,JAZZFAKE.pdf,310
Red Cross  ,JAZZFAKE.pdf,313
Red Door (The)  ,JAZZFAKE.pdf,311
Red Sails In The Sunset ,JAZZFAKE.pdf,312
Red Top  ,JAZZFAKE.pdf,313
Revelation   ,JAZZFAKE.pdf,315
River   ,JAZZFAKE.pdf,314
Robbins' Nest   ,JAZZFAKE.pdf,315
Rock-A-Bye Your Baby With A Dixie Melody   ,JAZZFAKE.pdf,316
Rockin' Chair   ,JAZZFAKE.pdf,317
Room 608   ,JAZZFAKE.pdf,316
Rosetta   ,JAZZFAKE.pdf,317
Round Midnight  ,JAZZFAKE.pdf,321
Route 66  ,JAZZFAKE.pdf,318
Royal Garden Blues  ,JAZZFAKE.pdf,319
Ruby   ,JAZZFAKE.pdf,321
S.O.S.   ,JAZZFAKE.pdf,322
Sack Of Woe   ,JAZZFAKE.pdf,323
Salt Peanuts  ,JAZZFAKE.pdf,323
Samba De Orfeu ,JAZZFAKE.pdf,325
Satin Doll  ,JAZZFAKE.pdf,323
Saturday  Night Fish Fry ,JAZZFAKE.pdf,325
Scrapple  From The Apple ,JAZZFAKE.pdf,326
Second Hand Rose  ,JAZZFAKE.pdf,324
Senor Blues   ,JAZZFAKE.pdf,327
Sentimental jorney   ,JAZZFAKE.pdf,328
September Song  ,JAZZFAKE.pdf,329
Serenade To  A  Bus Beat,JAZZFAKE.pdf,330
Sermonette   ,JAZZFAKE.pdf,329
Seven Come Eleven ,JAZZFAKE.pdf,331
Shake Rattle And Roll ,JAZZFAKE.pdf,331
Shawnuff   ,JAZZFAKE.pdf,332
Sheik Of Araby (The)  ,JAZZFAKE.pdf,335
She's Funny That Way  ,JAZZFAKE.pdf,333
S-H-I-N-E   ,JAZZFAKE.pdf,320
Shiny Stockings  ,JAZZFAKE.pdf,337
Shivers   ,JAZZFAKE.pdf,334
Shoo Fly Pie And Apple Pan Dowdy   ,JAZZFAKE.pdf,335
Side By Side)   ,JAZZFAKE.pdf,336
Sister Sadie   ,JAZZFAKE.pdf,337
Skylark   ,JAZZFAKE.pdf,338
Skyliner   ,JAZZFAKE.pdf,339
Small World  ,JAZZFAKE.pdf,339
Smoke Gets In Your Eyes,JAZZFAKE.pdf,342
Smoke Rings  ,JAZZFAKE.pdf,341
Smooth One (A)   ,JAZZFAKE.pdf,343
Snowfall   ,JAZZFAKE.pdf,340
So Nice (Sumer Sumamba)  ,JAZZFAKE.pdf,343
So What  ,JAZZFAKE.pdf,344
Soft Winds   ,JAZZFAKE.pdf,345
Solar   ,JAZZFAKE.pdf,342
Solitude   ,JAZZFAKE.pdf,345
Solo Flight  ,JAZZFAKE.pdf,347
Some Day My Prince Will Come,JAZZFAKE.pdf,347
Some Enchanted Evening  ,JAZZFAKE.pdf,346
Some Of These Days ,JAZZFAKE.pdf,349
Something Everywhere  ,JAZZFAKE.pdf,349
Sometimes I'm Happy  ,JAZZFAKE.pdf,350
Song For My Father,JAZZFAKE.pdf,352
Song Is You (The),JAZZFAKE.pdf,351
Song Of The Islands,JAZZFAKE.pdf,351
Songbird (Thank You for Your Lovely Song)  ,JAZZFAKE.pdf,348
Sonny Boy   ,JAZZFAKE.pdf,353
Soul Eyes  ,JAZZFAKE.pdf,352
South Of The Border ,JAZZFAKE.pdf,354
Southern Comfort   ,JAZZFAKE.pdf,353
Spain   ,JAZZFAKE.pdf,356
Speak Low  ,JAZZFAKE.pdf,355
Sposin'   ,JAZZFAKE.pdf,322
Spring Can Really Hang You Up The Most,JAZZFAKE.pdf,357
Spring Will Be A Little Late This Year ,JAZZFAKE.pdf,358
Squeeze Me  ,JAZZFAKE.pdf,359
St. Thomas  ,JAZZFAKE.pdf,356
Stay As Sweet As You Are  ,JAZZFAKE.pdf,360
Steeplechase   ,JAZZFAKE.pdf,359
Stockholm Sweetnin'  ,JAZZFAKE.pdf,361
Stompin' At The Savoy,JAZZFAKE.pdf,361
Stormy Weather   ,JAZZFAKE.pdf,362
Strange Fruit  ,JAZZFAKE.pdf,363
Strangers In The  Night,JAZZFAKE.pdf,363
String Of Pearls (A),JAZZFAKE.pdf,365
Struttin' With Some Barbeque ,JAZZFAKE.pdf,365
Stuffy   ,JAZZFAKE.pdf,364
Sugar   ,JAZZFAKE.pdf,367
Sugar Foot Stomp  ,JAZZFAKE.pdf,367
Summertime   ,JAZZFAKE.pdf,369
Sunday Kind Of Love  (A),JAZZFAKE.pdf,368
Sunny Side Up  ,JAZZFAKE.pdf,366
Sunrise Serenade   ,JAZZFAKE.pdf,369
Surrey With The Fringe On Top (The)  ,JAZZFAKE.pdf,371
Sweet And Lovely  ,JAZZFAKE.pdf,371
Sweet Eloise  ,JAZZFAKE.pdf,373
Sweet Sue Just You  ,JAZZFAKE.pdf,370
Swing House  ,JAZZFAKE.pdf,372
Swingin' The Blues ,JAZZFAKE.pdf,375
Swingin' Until The Girls Come Home  ,JAZZFAKE.pdf,374
Swinging Shepherd Blues ,JAZZFAKE.pdf,373
Tailgate Ramble  (The),JAZZFAKE.pdf,379
T'aint Nobody's Biz-Ness If I Do ,JAZZFAKE.pdf,376
T'aint What You Do (It's The Way That Cha Do It)  ,JAZZFAKE.pdf,377
Take The  'A',JAZZFAKE.pdf,378
Taste Of Honey (A),JAZZFAKE.pdf,378
Tenderly   ,JAZZFAKE.pdf,380
That's All  ,JAZZFAKE.pdf,379
That's Entertainment  ,JAZZFAKE.pdf,381
That's Life  ,JAZZFAKE.pdf,382
There Are Such Thing  ,JAZZFAKE.pdf,383
There Is No Greater Love,JAZZFAKE.pdf,385
There Will Never Be Another You,JAZZFAKE.pdf,383
There'll Be Changes Made ,JAZZFAKE.pdf,385
There's A Boat Dat's Leavin' Soon For New York    ,JAZZFAKE.pdf,384
There's A Small Hotel   ,JAZZFAKE.pdf,386
Thermo   ,JAZZFAKE.pdf,389
These Foolish Things  ,JAZZFAKE.pdf,387
They All Laughed ,JAZZFAKE.pdf,388
They Can't Take That Away From Me,JAZZFAKE.pdf,389
They Didn't Believe Me,JAZZFAKE.pdf,390
Things We Did Last Summer (The) ,JAZZFAKE.pdf,391
This Can't Be Love ,JAZZFAKE.pdf,391
This Love Of Mine) ,JAZZFAKE.pdf,393
Thrill Is Gone (The)   ,JAZZFAKE.pdf,393
Thriving From A Riff   ,JAZZFAKE.pdf,392
Tickle Toe   ,JAZZFAKE.pdf,394
Time Remembered  ,JAZZFAKE.pdf,394
Tin Roof Blues   ,JAZZFAKE.pdf,395
Tis Autumn   ,JAZZFAKE.pdf,397
Tishomingo Blues   ,JAZZFAKE.pdf,395
Together   ,JAZZFAKE.pdf,396
Tones For Joan's Bones  ,JAZZFAKE.pdf,397
Too Dam Hot  ,JAZZFAKE.pdf,399
Touch Of Your Lips (The)  ,JAZZFAKE.pdf,399
Trav'lin Light   ,JAZZFAKE.pdf,403
Tune Up  ,JAZZFAKE.pdf,402
Tuxedo junction   ,JAZZFAKE.pdf,398
Twisted   ,JAZZFAKE.pdf,401
Un Poco Loco  ,JAZZFAKE.pdf,403
Undecided   ,JAZZFAKE.pdf,404
Under A Blanket Of Blue  ,JAZZFAKE.pdf,405
Unforgettable   ,JAZZFAKE.pdf,405
Until The Real Thing Comes Along  ,JAZZFAKE.pdf,407
Utter Chaos  ,JAZZFAKE.pdf,407
Valse Hot  ,JAZZFAKE.pdf,9
Van Lingle Mungo   ,JAZZFAKE.pdf,406
Very Early  ,JAZZFAKE.pdf,409
Violets For Your Furs ,JAZZFAKE.pdf,408
Wagon Wheels   ,JAZZFAKE.pdf,411
Wait Till You See Her ,JAZZFAKE.pdf,410
Walkin'   ,JAZZFAKE.pdf,410
Walkin' My Baby Back Home  ,JAZZFAKE.pdf,411
Walkin' Shoes  ,JAZZFAKE.pdf,412
Waltz For Debby ,JAZZFAKE.pdf,413
Watch What Happens ,JAZZFAKE.pdf,413
Way Down Yonder In New Orleans ,JAZZFAKE.pdf,415
Way You Look Tonight (The),JAZZFAKE.pdf,414
We Kiss In A Shadow,JAZZFAKE.pdf,417
Weary Blues   ,JAZZFAKE.pdf,416
Wee Dot  ,JAZZFAKE.pdf,416
Well You Needn't ,JAZZFAKE.pdf,418
West End Blues ,JAZZFAKE.pdf,419
Western Reunion  ,JAZZFAKE.pdf,415
Westwood Walk  ,JAZZFAKE.pdf,417
What A Difference A Day Made ,JAZZFAKE.pdf,421
What A Wonderful World ,JAZZFAKE.pdf,421
What Kind Of Fool Am I? ,JAZZFAKE.pdf,423
What's New  ,JAZZFAKE.pdf,420
When I Fall In Love,JAZZFAKE.pdf,422
When My Sugar Walks Down The Street ,JAZZFAKE.pdf,420
When Your Lover Has Gone,JAZZFAKE.pdf,423
Where Flamingos Fly ,JAZZFAKE.pdf,424
Where Is Love? ,JAZZFAKE.pdf,425
Where Or When ,JAZZFAKE.pdf,426
While We're Young ,JAZZFAKE.pdf,428
Whisper Not  ,JAZZFAKE.pdf,425
Who Can I Turn To?,JAZZFAKE.pdf,429
Who?   ,JAZZFAKE.pdf,427
Who's Got Rhythm ,JAZZFAKE.pdf,427
Why Do I Love You?,JAZZFAKE.pdf,429
Will You Still Be Mine,JAZZFAKE.pdf,430
Willow Weep For Me ,JAZZFAKE.pdf,433
Witchcraft   ,JAZZFAKE.pdf,432
With A Little Bit Of Luck ,JAZZFAKE.pdf,431
Woodchopper's Ball   ,JAZZFAKE.pdf,428
Work Song  ,JAZZFAKE.pdf,433
World Is Waiting For The Sunrise (The) ,JAZZFAKE.pdf,432
Wouldn't it Be Loverly  ,JAZZFAKE.pdf,435
Wrap Your Troubles In Dreams,JAZZFAKE.pdf,435
Yardbird Suite  ,JAZZFAKE.pdf,434
Yes Indeed   ,JAZZFAKE.pdf,436
Yesterdays    ,JAZZFAKE.pdf,438
You Better   ,JAZZFAKE.pdf,438
You Call It Madness (But I Call It Love),JAZZFAKE.pdf,439
You Came A Long Way From St. Louis,JAZZFAKE.pdf,437
You Made Me Love You (I Didn't Want To Do It) ,JAZZFAKE.pdf,439
You Turned The Tables On Me  ,JAZZFAKE.pdf,441
You'd Be So Nice To Come Home To   ,JAZZFAKE.pdf,440
You'll Never Walk Alone    ,JAZZFAKE.pdf,445
Young And Foolish  ,JAZZFAKE.pdf,443
Young At Heart  ,JAZZFAKE.pdf,443
Young Love   ,JAZZFAKE.pdf,444
Younger Than Springtime   ,JAZZFAKE.pdf,446
You're My Everything  ,JAZZFAKE.pdf,441
You're The Cream In My Coffee,JAZZFAKE.pdf,442
