317 E. 32nd St   ,JAZZLTD.pdf,359
720 In The Books ,JAZZLTD.pdf,346
Adams Apple  ,JAZZLTD.pdf,9
Afreaka  ,JAZZLTD.pdf,10
Africaine  ,JAZZLTD.pdf,25
After Fact ,JAZZLTD.pdf,24
Ah-leu-cha  ,JAZZLTD.pdf,17
Ain't It The Truth,JAZZLTD.pdf,11
Air Conditioning  ,JAZZLTD.pdf,13
Aisha  ,JAZZLTD.pdf,12
All Members       ,JAZZLTD.pdf,13
All Too Soon      ,JAZZLTD.pdf,14
Almost  Like Being In  Love    ,JAZZLTD.pdf,15
Amor Sonador        ,JAZZLTD.pdf,16
An Oscar  For  Treadwell   ,JAZZLTD.pdf,19
Anti Climax   ,JAZZLTD.pdf,20
April  Head ,JAZZLTD.pdf,18
Aquarius   ,JAZZLTD.pdf,20
Are They Only Dreams   ,JAZZLTD.pdf,21
Arriving Soon   ,JAZZLTD.pdf,19
At Last  ,JAZZLTD.pdf,22
Autumn  Liebs ,JAZZLTD.pdf,23
Azule  Serape ,JAZZLTD.pdf,23
Baby Breeze  ,JAZZLTD.pdf,26
Background Music ,JAZZLTD.pdf,27
Bakai  ,JAZZLTD.pdf,29
Ballad (A) ,JAZZLTD.pdf,51
Band Aid  ,JAZZLTD.pdf,28
Bark for Barsdale ,JAZZLTD.pdf,25
Batter Up ,JAZZLTD.pdf,31
Beach Wise ,JAZZLTD.pdf,54
Bea's Flat ,JAZZLTD.pdf,30
Beatrice  ,JAZZLTD.pdf,30
Bemsha Swing  ,JAZZLTD.pdf,29
Berkshire Blues   ,JAZZLTD.pdf,32
Bid For(A)  ,JAZZLTD.pdf,8
Big Bear  ,JAZZLTD.pdf,34
Big Ben  ,JAZZLTD.pdf,33
Big Bertha  ,JAZZLTD.pdf,35
Big Push  ,JAZZLTD.pdf,37
Bird Calls  ,JAZZLTD.pdf,35
Birds Mother  ,JAZZLTD.pdf,38
Black   ,JAZZLTD.pdf,39
Black Bats and Poles ,JAZZLTD.pdf,40
Black Eyes  ,JAZZLTD.pdf,41
Blue Concept  ,JAZZLTD.pdf,45
Blue Fable  ,JAZZLTD.pdf,43
Blue Hawk  ,JAZZLTD.pdf,46
Blue Lace  ,JAZZLTD.pdf,44
Blue Samba  ,JAZZLTD.pdf,46
Blue Skies  ,JAZZLTD.pdf,47
Blues Peru  ,JAZZLTD.pdf,45
Bob Movers Bossa Nova   ,JAZZLTD.pdf,48
Bockhanal   ,JAZZLTD.pdf,31
Bones From Jones   ,JAZZLTD.pdf,36
Bongo Hop   ,JAZZLTD.pdf,54
Bop City  ,JAZZLTD.pdf,56
Bottoms Up  ,JAZZLTD.pdf,42
Boy What A Night,JAZZLTD.pdf,50
Breakthrough   ,JAZZLTD.pdf,50
Bridgitte   ,JAZZLTD.pdf,52
Bright  Blues ,JAZZLTD.pdf,56
Brownie  Speaks ,JAZZLTD.pdf,53
Bruh Slim   ,JAZZLTD.pdf,55
Bud's Idea  ,JAZZLTD.pdf,55
Buhaina's Delight   ,JAZZLTD.pdf,57
Busy B's   ,JAZZLTD.pdf,49
Butch and Butch  ,JAZZLTD.pdf,58
Bye-Ya   ,JAZZLTD.pdf,58
C.T.A.   ,JAZZLTD.pdf,79
Cady and Carole   ,JAZZLTD.pdf,61
Cantelope Island   ,JAZZLTD.pdf,69
Cariba   ,JAZZLTD.pdf,95
Casa de Luz  ,JAZZLTD.pdf,63
Cascades   ,JAZZLTD.pdf,60
Cat   ,JAZZLTD.pdf,62
Cathy   ,JAZZLTD.pdf,59
Charcoal Blues   ,JAZZLTD.pdf,61
Charles Christopher Parker  ,JAZZLTD.pdf,70
Chasing the Bird  ,JAZZLTD.pdf,59
Cheshire Cat Walk  ,JAZZLTD.pdf,64
Chesney   ,JAZZLTD.pdf,65
Chief Crazy Horse  ,JAZZLTD.pdf,66
Children Of The Night  ,JAZZLTD.pdf,77
Chronic Blues  ,JAZZLTD.pdf,67
CIA   ,JAZZLTD.pdf,79
Circumstantial   ,JAZZLTD.pdf,68
Comin' Down   ,JAZZLTD.pdf,71
Comin' On The Hudson   ,JAZZLTD.pdf,68
Comrad Conrad   ,JAZZLTD.pdf,72
Connies Bounce   ,JAZZLTD.pdf,74
Consternation   ,JAZZLTD.pdf,76
Contemplation   ,JAZZLTD.pdf,73
Cookin' At The Continental   ,JAZZLTD.pdf,71
Cool One (The)  ,JAZZLTD.pdf,75
Crepuscule With Nellis   ,JAZZLTD.pdf,69
Crescent City   ,JAZZLTD.pdf,78
Crisis   ,JAZZLTD.pdf,63
Cunga Black   ,JAZZLTD.pdf,80
Cyclic Episode   ,JAZZLTD.pdf,20
Dahomey Dance   ,JAZZLTD.pdf,81
Dakar   ,JAZZLTD.pdf,82
Dance  Cadaverous ,JAZZLTD.pdf,83
Dance  Of The Infidels ,JAZZLTD.pdf,81
Dat Dere  ,JAZZLTD.pdf,84
Dear Old Stockholm  ,JAZZLTD.pdf,85
Deception   ,JAZZLTD.pdf,86
Decidedly   ,JAZZLTD.pdf,87
Dee's Dilemma   ,JAZZLTD.pdf,88
Del Sasser   ,JAZZLTD.pdf,90
Deltitnu   ,JAZZLTD.pdf,300
Desert  Moonlight ,JAZZLTD.pdf,91
Dexter   ,JAZZLTD.pdf,92
Did You Call Her Today   ,JAZZLTD.pdf,94
Dilemma   ,JAZZLTD.pdf,93
Dimples   ,JAZZLTD.pdf,93
Dizzy's Business   ,JAZZLTD.pdf,96
Dj vu  ,JAZZLTD.pdf,89
Doin' The Things  ,JAZZLTD.pdf,97
Don't Explain  ,JAZZLTD.pdf,97
Doodlin   ,JAZZLTD.pdf,98
Double Talk  ,JAZZLTD.pdf,95
Down   ,JAZZLTD.pdf,99
Dr. Jeckyll  ,JAZZLTD.pdf,96
Dr. Jeckyll  ,JAZZLTD.pdf,96
Duke's Sound Of Love   ,JAZZLTD.pdf,100
E.T.A.   ,JAZZLTD.pdf,120
Eager Beaver  ,JAZZLTD.pdf,101
Early   ,JAZZLTD.pdf,102
Early Spring  ,JAZZLTD.pdf,114
Ebony Moonbeams  ,JAZZLTD.pdf,103
Ecaroh   ,JAZZLTD.pdf,111
Eclipse  (Henderson) ,JAZZLTD.pdf,104
Eclipse  (Mingus) ,JAZZLTD.pdf,104
Edda   ,JAZZLTD.pdf,105
Eighth Day (The)   ,JAZZLTD.pdf,106
Ein Bein Strauss   ,JAZZLTD.pdf,107
El Toro  ,JAZZLTD.pdf,110
Elevation   ,JAZZLTD.pdf,107
Ellipsis (Helias)   ,JAZZLTD.pdf,108
Ellipsis (Rivers)   ,JAZZLTD.pdf,109
Elsa   ,JAZZLTD.pdf,109
Elvin Sir Jones   ,JAZZLTD.pdf,110
Empathy   ,JAZZLTD.pdf,112
Ericloth   ,JAZZLTD.pdf,113
Eronel   ,JAZZLTD.pdf,114
Escapade   ,JAZZLTD.pdf,115
Estimated Time Of Arrival   ,JAZZLTD.pdf,116
Eternal Triange   ,JAZZLTD.pdf,121
Evergreenish   ,JAZZLTD.pdf,117
Every Now And Then   ,JAZZLTD.pdf,118
Every Time I See You  ,JAZZLTD.pdf,119
Evidence   ,JAZZLTD.pdf,119
Exodus   ,JAZZLTD.pdf,122
Face Dancer   ,JAZZLTD.pdf,125
Fair Weather   ,JAZZLTD.pdf,123
Farkle Flakes  ,JAZZLTD.pdf,136
Fat Lady   ,JAZZLTD.pdf,124
Fine And Dandy  ,JAZZLTD.pdf,126
Five   ,JAZZLTD.pdf,127
Five-Four Thing   ,JAZZLTD.pdf,128
Flamingo   ,JAZZLTD.pdf,129
Florences Fantasy  ,JAZZLTD.pdf,130
Flowers For  A   Lady ,JAZZLTD.pdf,131
Footprints   ,JAZZLTD.pdf,69
For Harry Carney  ,JAZZLTD.pdf,133
For Miles And Miles  ,JAZZLTD.pdf,131
For Regulars Only  ,JAZZLTD.pdf,135
Forgetful   ,JAZZLTD.pdf,132
Four In One  ,JAZZLTD.pdf,124
Four Others  ,JAZZLTD.pdf,137
Foxhorn  Song ,JAZZLTD.pdf,138
Free Wheeling  ,JAZZLTD.pdf,137
French  Spice ,JAZZLTD.pdf,139
Fun To Be Fooled ,JAZZLTD.pdf,134
Funk In Deep Freeze  ,JAZZLTD.pdf,140
Fuschia Swing Song   ,JAZZLTD.pdf,140
Gail   ,JAZZLTD.pdf,141
Gandolfo's Bounce   ,JAZZLTD.pdf,141
Gary's Notebook   ,JAZZLTD.pdf,143
Gaslight   ,JAZZLTD.pdf,142
Gibraltar   ,JAZZLTD.pdf,144
Giggin' And Drinkin   ,JAZZLTD.pdf,146
Ginseng People   ,JAZZLTD.pdf,145
Gnid   ,JAZZLTD.pdf,146
Go   ,JAZZLTD.pdf,147
Good Spirits  ,JAZZLTD.pdf,148
Goswell   ,JAZZLTD.pdf,149
Granted   ,JAZZLTD.pdf,148
Greene St. Caper   ,JAZZLTD.pdf,150
Greenwich   ,JAZZLTD.pdf,151
Gregory Is Here   ,JAZZLTD.pdf,152
Gringo (The)  ,JAZZLTD.pdf,153
Guijira   ,JAZZLTD.pdf,186
Half Dozens (The)  ,JAZZLTD.pdf,154
Happiness Is A Thing Called Joe ,JAZZLTD.pdf,158
Harold's House Of Jazz  ,JAZZLTD.pdf,155
Hayseed   ,JAZZLTD.pdf,160
Heyoke   ,JAZZLTD.pdf,156
Hoe Down  ,JAZZLTD.pdf,157
Hold' Em Joe   ,JAZZLTD.pdf,161
Homage   ,JAZZLTD.pdf,159
Homestretch   ,JAZZLTD.pdf,154
Homework   ,JAZZLTD.pdf,160
House Of Chan  ,JAZZLTD.pdf,162
Hypochtistmutreefuzz   ,JAZZLTD.pdf,163
I Didn't Know About You,JAZZLTD.pdf,164
I Get Along Without You Very Well,JAZZLTD.pdf,167
I Got Rhythm ,JAZZLTD.pdf,165
I Only Have Eyes For You ,JAZZLTD.pdf,175
I Remember Bird ,JAZZLTD.pdf,168
I Surrender Dear  ,JAZZLTD.pdf,174
I Waited For You ,JAZZLTD.pdf,181
I Won't Be Back ,JAZZLTD.pdf,182
I'm In The Mood For Love ,JAZZLTD.pdf,166
I'm On My Way ,JAZZLTD.pdf,178
In A Mist ,JAZZLTD.pdf,169
In Don's Kitchen  ,JAZZLTD.pdf,165
In Salah  ,JAZZLTD.pdf,172
Inez   ,JAZZLTD.pdf,170
Introspection   ,JAZZLTD.pdf,173
Invisible (The)   ,JAZZLTD.pdf,170
Isabel The Liberator      ,JAZZLTD.pdf,177
It All Comes Back To You     ,JAZZLTD.pdf,179
It Could Only Happen With You    ,JAZZLTD.pdf,171
It Happens Every Day    ,JAZZLTD.pdf,176
It's You Or No One For Me  ,JAZZLTD.pdf,180
Jaguar   ,JAZZLTD.pdf,183
Jeru   ,JAZZLTD.pdf,185
Joanna   ,JAZZLTD.pdf,184
Jodo   ,JAZZLTD.pdf,187
Joe Maini   ,JAZZLTD.pdf,184
Joshua   ,JAZZLTD.pdf,189
Joshua C.   ,JAZZLTD.pdf,190
Juicy Lucy   ,JAZZLTD.pdf,188
Just By Myself ,JAZZLTD.pdf,191
Kaleidoscope   ,JAZZLTD.pdf,194
Kiki And Mingus  ,JAZZLTD.pdf,192
Kryptonite   ,JAZZLTD.pdf,192
La Mesha  ,JAZZLTD.pdf,196
Lady Day  ,JAZZLTD.pdf,195
Lady J  ,JAZZLTD.pdf,197
Lady Sings The Blues ,JAZZLTD.pdf,195
Landslide   ,JAZZLTD.pdf,199
Laurie   ,JAZZLTD.pdf,201
Left Alone  ,JAZZLTD.pdf,199
Lester Left Town ,JAZZLTD.pdf,200
Let's Call This ,JAZZLTD.pdf,203
Let's Fall In Love ,JAZZLTD.pdf,205
Licea   ,JAZZLTD.pdf,202
Light Blue  ,JAZZLTD.pdf,202
Lil's Paradise  ,JAZZLTD.pdf,204
Lion's Den   ,JAZZLTD.pdf,207
Lisa (Feldman)  ,JAZZLTD.pdf,208
Lisa (Montolieu)  ,JAZZLTD.pdf,207
Little Linda  ,JAZZLTD.pdf,193
Little Melonae  ,JAZZLTD.pdf,203
Little Sheri  ,JAZZLTD.pdf,209
Little Susan  ,JAZZLTD.pdf,211
Little Sweet(A)  ,JAZZLTD.pdf,12
Lodgellian Mode   ,JAZZLTD.pdf,213
Lonely Town  ,JAZZLTD.pdf,214
Long Yellow  Road,JAZZLTD.pdf,215
Look For The Silver Lining  ,JAZZLTD.pdf,206
Lost   ,JAZZLTD.pdf,216
Lost Love  ,JAZZLTD.pdf,217
Louise   ,JAZZLTD.pdf,218
Love Dance  ,JAZZLTD.pdf,219
Love Poem  ,JAZZLTD.pdf,210
Luminescence   ,JAZZLTD.pdf,212
Lunarcy   ,JAZZLTD.pdf,221
Lydian Dream   ,JAZZLTD.pdf,222
Lyresto   ,JAZZLTD.pdf,220
Macpherson Struts  Again ,JAZZLTD.pdf,223
Mademoiselle Mabry   ,JAZZLTD.pdf,224
Madison Avenue  ,JAZZLTD.pdf,223
Maid In Mexico  ,JAZZLTD.pdf,225
Maidens Of Cadiz  ,JAZZLTD.pdf,227
Mamacita   ,JAZZLTD.pdf,228
Man   ,JAZZLTD.pdf,228
Margerine   ,JAZZLTD.pdf,230
Marilia   ,JAZZLTD.pdf,231
Marionette   ,JAZZLTD.pdf,229
Marmaduke   ,JAZZLTD.pdf,229
Mary's Blues   ,JAZZLTD.pdf,230
Masqularo   ,JAZZLTD.pdf,225
Mating Call   ,JAZZLTD.pdf,226
Mean Lene  ,JAZZLTD.pdf,233
Mean To Me ,JAZZLTD.pdf,234
Memo To Maurice ,JAZZLTD.pdf,233
Miles Mode  ,JAZZLTD.pdf,234
Minha Saudade  ,JAZZLTD.pdf,235
Minor Strain   ,JAZZLTD.pdf,232
Miss Ann (I & 2)   ,JAZZLTD.pdf,236
Mohawk   ,JAZZLTD.pdf,237
Monking Business   ,JAZZLTD.pdf,239
Monks Dream   ,JAZZLTD.pdf,240
Mood For Maude  ,JAZZLTD.pdf,243
Morning Dance  ,JAZZLTD.pdf,241
Morpo   ,JAZZLTD.pdf,226
Movin' Along  ,JAZZLTD.pdf,242
Movin' In Movin'Out ,JAZZLTD.pdf,244
Mr. Kenyata  ,JAZZLTD.pdf,237
Mr. Misha And Little Lilly ,JAZZLTD.pdf,238
My Ideal  ,JAZZLTD.pdf,245
My Mama Don Tol' Me ,JAZZLTD.pdf,245
Myako   ,JAZZLTD.pdf,244
Mystique   ,JAZZLTD.pdf,246
Myth   ,JAZZLTD.pdf,246
Nancy With The Laughing Face   ,JAZZLTD.pdf,248
Nature Boy  ,JAZZLTD.pdf,248
New Bag Blues  ,JAZZLTD.pdf,249
Newcomer   ,JAZZLTD.pdf,250
Nica's Tempo  ,JAZZLTD.pdf,251
Night Train  ,JAZZLTD.pdf,247
Nights At The Turntable  ,JAZZLTD.pdf,243
No Ties  ,JAZZLTD.pdf,252
November 68th   ,JAZZLTD.pdf,254
November Afternoon   ,JAZZLTD.pdf,253
Nuages   ,JAZZLTD.pdf,255
Number  4    ,JAZZLTD.pdf,256
Obsequious   ,JAZZLTD.pdf,256
Oh No  ,JAZZLTD.pdf,259
Oh You Crazy Moon  ,JAZZLTD.pdf,258
On The Quee-Tee ,JAZZLTD.pdf,262
Once  Upon A Summertime ,JAZZLTD.pdf,260
One For My Baby ,JAZZLTD.pdf,257
One With One ,JAZZLTD.pdf,261
Oppornockity Tunes But Once   ,JAZZLTD.pdf,262
Opus 3 (Charles Mingus)  ,JAZZLTD.pdf,263
Opus 4 (Charles Mingus)  ,JAZZLTD.pdf,264
Orange Was The Color Of Her Dress   ,JAZZLTD.pdf,265
Orbit   ,JAZZLTD.pdf,266
Organ Grinder   ,JAZZLTD.pdf,267
Original  Untitled Ballad ,JAZZLTD.pdf,267
Our Man Higgins Man ,JAZZLTD.pdf,270
Out   ,JAZZLTD.pdf,268
Out Back  ,JAZZLTD.pdf,268
Out Of The Night ,JAZZLTD.pdf,268
Out There  ,JAZZLTD.pdf,270
Outlaw (The)   ,JAZZLTD.pdf,269
Pamela's Passion   ,JAZZLTD.pdf,271
Parisian Thoroughfare   ,JAZZLTD.pdf,273
Parker 51   ,JAZZLTD.pdf,275
Pass It On  ,JAZZLTD.pdf,277
Pat 'N' Chat  ,JAZZLTD.pdf,274
Pats New Samba   ,JAZZLTD.pdf,272
Pawnee Junction   ,JAZZLTD.pdf,277
Peaches 'N Cream  ,JAZZLTD.pdf,276
Pedro's Time  ,JAZZLTD.pdf,276
Peg   ,JAZZLTD.pdf,279
Peresina   ,JAZZLTD.pdf,278
Philly Mignon  ,JAZZLTD.pdf,271
Picture Of Health  ,JAZZLTD.pdf,280
Ping Pong   ,JAZZLTD.pdf,281
Played Twice  ,JAZZLTD.pdf,280
Playground   ,JAZZLTD.pdf,282
Plight   ,JAZZLTD.pdf,283
Port Rico Rock   ,JAZZLTD.pdf,284
Prince  Albert ,JAZZLTD.pdf,285
Prince  Of Darkness ,JAZZLTD.pdf,272
Pyramid   ,JAZZLTD.pdf,286
Quartet No. 2 Part 2   ,JAZZLTD.pdf,287
Quick Step  ,JAZZLTD.pdf,290
Quiet Fire  ,JAZZLTD.pdf,288
Quintile   ,JAZZLTD.pdf,289
R.F.K.   ,JAZZLTD.pdf,295
R.J.   ,JAZZLTD.pdf,300
Rainbow Seeker   ,JAZZLTD.pdf,292
Rapuzel   ,JAZZLTD.pdf,299
Ready Rudy  ,JAZZLTD.pdf,291
Rebel Without A Cause  ,JAZZLTD.pdf,291
Receipt Please   ,JAZZLTD.pdf,290
Reflections   ,JAZZLTD.pdf,293
Reincarnation Blues   ,JAZZLTD.pdf,293
Remember Rockefeller At Attica ,JAZZLTD.pdf,294
Resonant Emotions   ,JAZZLTD.pdf,295
Retsim B   ,JAZZLTD.pdf,296
Reverie   ,JAZZLTD.pdf,297
Rhythm-A-Ning   ,JAZZLTD.pdf,304
Richards Tune   ,JAZZLTD.pdf,296
Rio   ,JAZZLTD.pdf,298
Riot   ,JAZZLTD.pdf,298
Rocker   ,JAZZLTD.pdf,301
Rotation   ,JAZZLTD.pdf,302
Rouge   ,JAZZLTD.pdf,303
Route 4  ,JAZZLTD.pdf,303
Ruby My Dear  ,JAZZLTD.pdf,304
S Matter   ,JAZZLTD.pdf,324
Sabra   ,JAZZLTD.pdf,305
Sack 0' Woe   ,JAZZLTD.pdf,305
Sad Eyes   ,JAZZLTD.pdf,306
Sadiga   ,JAZZLTD.pdf,306
Safari   ,JAZZLTD.pdf,307
Saint Thomas  ,JAZZLTD.pdf,310
Salute To The Bandbox   ,JAZZLTD.pdf,308
Sans Souci  ,JAZZLTD.pdf,309
Schizophrenia   ,JAZZLTD.pdf,311
Scotch And   Water,JAZZLTD.pdf,312
Scourn'   ,JAZZLTD.pdf,312
Seeds Of Sin   ,JAZZLTD.pdf,313
Send One Your Love  ,JAZZLTD.pdf,316
Serenata   ,JAZZLTD.pdf,315
Seventh Avenue   ,JAZZLTD.pdf,320
Shaky Jake  ,JAZZLTD.pdf,317
Shirley   ,JAZZLTD.pdf,318
Short Count  ,JAZZLTD.pdf,318
Short Politician  ,JAZZLTD.pdf,319
Sid's Ahead  ,JAZZLTD.pdf,319
Sing No Blues  ,JAZZLTD.pdf,333
Sixth Sense  ,JAZZLTD.pdf,321
Skippy   ,JAZZLTD.pdf,322
Sky Dive   ,JAZZLTD.pdf,323
Sno Peas   ,JAZZLTD.pdf,324
So Dolt  ,JAZZLTD.pdf,325
So Near So Far  ,JAZZLTD.pdf,326
Something Different  ,JAZZLTD.pdf,325
Somewhere Before  ,JAZZLTD.pdf,320
Song Is You (The),JAZZLTD.pdf,334
Soothsayer (The)  ,JAZZLTD.pdf,327
Sorcerer (The)  ,JAZZLTD.pdf,330
SOS   ,JAZZLTD.pdf,319
Soul Surge  ,JAZZLTD.pdf,330
Sound Down  ,JAZZLTD.pdf,331
Sound Track  ,JAZZLTD.pdf,331
South Street Exit  ,JAZZLTD.pdf,332
Sporty   ,JAZZLTD.pdf,332
Stairway To The Stars  ,JAZZLTD.pdf,340
Stardust   ,JAZZLTD.pdf,314
Stepping Stone   ,JAZZLTD.pdf,335
Stockholm Sweetnin  ,JAZZLTD.pdf,316
Stopstart   ,JAZZLTD.pdf,336
Straight Ahead  ,JAZZLTD.pdf,337
Straight Street  ,JAZZLTD.pdf,338
Straight Up And Down (Corea),JAZZLTD.pdf,339
Straight Up And Down (Dolphy),JAZZLTD.pdf,321
Sues Changes   ,JAZZLTD.pdf,342
Summer Night  ,JAZZLTD.pdf,341
Sunday Kind Of Love  (A),JAZZLTD.pdf,329
Sunshower   ,JAZZLTD.pdf,343
Suspended Sentence   ,JAZZLTD.pdf,344
Sweet Basil  ,JAZZLTD.pdf,345
Sweet Pea  ,JAZZLTD.pdf,344
Syn-Anthesia   ,JAZZLTD.pdf,317
Take it To The  Ozone,JAZZLTD.pdf,349
Tame Thy  Pen,JAZZLTD.pdf,347
Tank Toon  ,JAZZLTD.pdf,348
Teeter Totter  ,JAZZLTD.pdf,349
Terry's Chance  ,JAZZLTD.pdf,350
Teru   ,JAZZLTD.pdf,350
That Artt He's All Heart  ,JAZZLTD.pdf,351
That Girl  ,JAZZLTD.pdf,353
That's Earl Brother  ,JAZZLTD.pdf,352
That's Right  ,JAZZLTD.pdf,352
The Blessing  ,JAZZLTD.pdf,41
Theme For Kareem  ,JAZZLTD.pdf,354
Theme Of No Repeat  ,JAZZLTD.pdf,355
Then Silk Blue   ,JAZZLTD.pdf,265
Think Of One ,JAZZLTD.pdf,356
Third Floor Richard ,JAZZLTD.pdf,356
This Is New ,JAZZLTD.pdf,357
This Is The Thing,JAZZLTD.pdf,358
This Lovely Feeling ,JAZZLTD.pdf,358
This Masquerade  ,JAZZLTD.pdf,360
Thumb The)  ,JAZZLTD.pdf,361
Thursdays Theme   ,JAZZLTD.pdf,361
Tidal Breeze  ,JAZZLTD.pdf,362
Timewisely   ,JAZZLTD.pdf,348
Tiny's Blues   ,JAZZLTD.pdf,363
Tis Autumn   ,JAZZLTD.pdf,369
Tom Thumb   ,JAZZLTD.pdf,364
Tomato  Kiss ,JAZZLTD.pdf,363
Too High  ,JAZZLTD.pdf,365
Tootsie Roll   ,JAZZLTD.pdf,364
Toshiko's Elegy   ,JAZZLTD.pdf,366
Totem Pole  ,JAZZLTD.pdf,367
Tour De Force   ,JAZZLTD.pdf,368
Travelin' West   ,JAZZLTD.pdf,368
Trinkle Tinkle   ,JAZZLTD.pdf,369
Triple Play   ,JAZZLTD.pdf,370
Turbo   ,JAZZLTD.pdf,369
Twelve More Bars To Go  ,JAZZLTD.pdf,354
Two Bass Hit   ,JAZZLTD.pdf,371
Undercurrent   ,JAZZLTD.pdf,372
Unit 7   ,JAZZLTD.pdf,372
Valdez In The Country  ,JAZZLTD.pdf,373
Valse Trists  ,JAZZLTD.pdf,374
Variations On The Scene  ,JAZZLTD.pdf,374
Venus De Milo  ,JAZZLTD.pdf,375
Vicky's Dream  ,JAZZLTD.pdf,376
Viscosity   ,JAZZLTD.pdf,378
Visit (The)   ,JAZZLTD.pdf,377
Vonetta (Earl Klugh)   ,JAZZLTD.pdf,379
Wait Till Forever  ,JAZZLTD.pdf,382
Water Babies  ,JAZZLTD.pdf,380
Way To Go  ,JAZZLTD.pdf,380
Wee   ,JAZZLTD.pdf,381
Wee-Dot   ,JAZZLTD.pdf,384
Whatever Possessed Me ,JAZZLTD.pdf,382
When You Meet Here  ,JAZZLTD.pdf,383
Where You  ,JAZZLTD.pdf,385
While We're Young ,JAZZLTD.pdf,384
Who Cares?  ,JAZZLTD.pdf,386
Why (Lewis)  ,JAZZLTD.pdf,388
Why (Wilder)  ,JAZZLTD.pdf,387
Willie Nillie  ,JAZZLTD.pdf,389
Wise One  ,JAZZLTD.pdf,389
Wonder  Why ,JAZZLTD.pdf,390
Work   ,JAZZLTD.pdf,390
Xlento   ,JAZZLTD.pdf,391
X-Stream   ,JAZZLTD.pdf,38
Yama   ,JAZZLTD.pdf,396
Yeah   ,JAZZLTD.pdf,391
Yearnin   ,JAZZLTD.pdf,392
Yellow Fields  ,JAZZLTD.pdf,395
Yes Or No  ,JAZZLTD.pdf,399
You    ,JAZZLTD.pdf,392
You Can't  Go Home Again ,JAZZLTD.pdf,393
Young And Fine  ,JAZZLTD.pdf,393
Young One For Debra  ,JAZZLTD.pdf,397
You're My Thrill  ,JAZZLTD.pdf,396
Zaybar    ,JAZZLTD.pdf,398
Zoom    ,JAZZLTD.pdf,400
