12-4 2-4/Duplicities,REALBK1.pdf,141
502 Blues,REALBK1.pdf,166
African Flower,REALBK1.pdf,21
Afro Blue,REALBK1.pdf,22
Afternoon In Paris,REALBK1.pdf,23
Airegin,REALBK1.pdf,24
Alfie,REALBK1.pdf,498
Alice In Wonderland,REALBK1.pdf,25
All Blues,REALBK1.pdf,26
All In Love Is Fair,REALBK1.pdf,27
All My Tomorrows,REALBK1.pdf,28
All Of Me,REALBK1.pdf,29
All Of You,REALBK1.pdf,30
All The Things You Are,REALBK1.pdf,31
Alone Together,REALBK1.pdf,32
Ana Maria,REALBK1.pdf,33
And Now The Queen,REALBK1.pdf,35
And On The Third Day,REALBK1.pdf,36
Angel Eyes,REALBK1.pdf,37
Anthropology,REALBK1.pdf,38
April In Paris,REALBK1.pdf,39
April Joy,REALBK1.pdf,40
Arise Her Eyes,REALBK1.pdf,41
Armageddon,REALBK1.pdf,43
Around Again,REALBK1.pdf,35
As Time Goes By,REALBK1.pdf,44
Au Privave,REALBK1.pdf,45
Autumn In New York,REALBK1.pdf,46
Autumn Leaves,REALBK1.pdf,49
Ay Arriba!,REALBK1.pdf,47
Ballet,REALBK1.pdf,50
Batterie,REALBK1.pdf,51
Beautiful Love,REALBK1.pdf,52
Beauty And The Blast,REALBK1.pdf,53
Beneath It All,REALBK1.pdf,54
Bessie's Blues,REALBK1.pdf,55
Bewitched,REALBK1.pdf,56
Big Nick,REALBK1.pdf,57
Bitter Suite In The Ozone,REALBK1.pdf,58
Black Diamond,REALBK1.pdf,59
Black Monday,REALBK1.pdf,499
Black Narcissus,REALBK1.pdf,60
Black Nile,REALBK1.pdf,61
Black Orpheus,REALBK1.pdf,62
Blessed Relief,REALBK1.pdf,63
Blue Bossa,REALBK1.pdf,64
Blue Comedy,REALBK1.pdf,65
Blue In Green,REALBK1.pdf,66
Blue Monk,REALBK1.pdf,67
Blue Room,REALBK1.pdf,68
Blue Train,REALBK1.pdf,71
Blues For Alice,REALBK1.pdf,70
Bluesette,REALBK1.pdf,69
Body And Soul,REALBK1.pdf,72
Boplicity,REALBK1.pdf,73
Boston Marathon,REALBK1.pdf,74
Brainville,REALBK1.pdf,75
Bright Size Life,REALBK1.pdf,77
Broadway Blues,REALBK1.pdf,78
Brownout,REALBK1.pdf,79
But Beautiful,REALBK1.pdf,80
Butterfly,REALBK1.pdf,81
Call For All Demons,REALBK1.pdf,14
Canyon Song,REALBK1.pdf,85
Captain Marvel,REALBK1.pdf,83
Central Park West,REALBK1.pdf,169
Ceora,REALBK1.pdf,86
Chega De Saudade,REALBK1.pdf,87
Chelsea Bells,REALBK1.pdf,89
Chelsea Bridge,REALBK1.pdf,90
Cherokee,REALBK1.pdf,91
Chicken Feathers,REALBK1.pdf,92
Child Is Born,REALBK1.pdf,15
Children's Song,REALBK1.pdf,93
Chippie,REALBK1.pdf,98
Colors Of Chloe,REALBK1.pdf,95
Come Sunday,REALBK1.pdf,101
Como En Vietnam,REALBK1.pdf,99
Con Alma,REALBK1.pdf,102
Conception,REALBK1.pdf,103
Conference Of The Birds,REALBK1.pdf,104
Confirmation,REALBK1.pdf,105
Contemplation,REALBK1.pdf,500
Coral,REALBK1.pdf,106
Corcovado,REALBK1.pdf,107
Cottontail,REALBK1.pdf,108
Could It Be You,REALBK1.pdf,109
Countdown,REALBK1.pdf,110
Country Roads,REALBK1.pdf,111
Crescent,REALBK1.pdf,112
Crystal Silence,REALBK1.pdf,113
Daahoud,REALBK1.pdf,114
Dancing On The Ceiling,REALBK1.pdf,115
Darn That Dream,REALBK1.pdf,116
Day Waves,REALBK1.pdf,119
Days And Nights Waiting,REALBK1.pdf,117
Days Of Wine And Roses,REALBK1.pdf,118
De Pois De Amor O Vazio,REALBK1.pdf,123
Dear Old Stockholm,REALBK1.pdf,121
Dearly Beloved,REALBK1.pdf,120
Delores,REALBK1.pdf,122
Deluge,REALBK1.pdf,129
Desafinado,REALBK1.pdf,125
Desert Air,REALBK1.pdf,127
Dexterity,REALBK1.pdf,130
Django,REALBK1.pdf,133
Doin' The Pig,REALBK1.pdf,131
Dolphin Dance,REALBK1.pdf,135
Dolphin The,REALBK1.pdf,134
Domino Biscuit,REALBK1.pdf,136
Don't Blame Me,REALBK1.pdf,138
Don't Get Around Much Anymore,REALBK1.pdf,139
Donna Lee,REALBK1.pdf,137
Duke The,REALBK1.pdf,140
E.S.P.,REALBK1.pdf,154
Easy Living,REALBK1.pdf,142
Easy To Love,REALBK1.pdf,143
Ecclusiastics,REALBK1.pdf,144
Eiderdown,REALBK1.pdf,145
Eighty One,REALBK1.pdf,147
El Gaucho,REALBK1.pdf,148
Elizete,REALBK1.pdf,149
Empathy,REALBK1.pdf,150
Epistrophy,REALBK1.pdf,151
Equinox,REALBK1.pdf,152
Equipoise,REALBK1.pdf,153
Exercise #3,REALBK1.pdf,155
Exercise #6,REALBK1.pdf,156
Fables Of Faubus,REALBK1.pdf,157
Fall,REALBK1.pdf,159
Falling Grace,REALBK1.pdf,160
Falling In Love With Love,REALBK1.pdf,161
Family Joy,REALBK1.pdf,17
Fee-Fi-Fo-Fum,REALBK1.pdf,162
Feelings And Things,REALBK1.pdf,163
Fields We Know(The),REALBK1.pdf,164
Fine Romance,REALBK1.pdf,16
Five Hundred Miles High,REALBK1.pdf,165
Flags,REALBK1.pdf,169
Foggy Day,REALBK1.pdf,19
Follow Your Heart,REALBK1.pdf,167
Footprints,REALBK1.pdf,170
For Heavens Sake,REALBK1.pdf,172
Forest Flower,REALBK1.pdf,171
Fortune Smiles,REALBK1.pdf,173
Four,REALBK1.pdf,174
Four On Six,REALBK1.pdf,175
Four Winds,REALBK1.pdf,176
Freddie The Freeloader,REALBK1.pdf,177
Freedom Jazz Dance,REALBK1.pdf,178
Gary's Waltz,REALBK1.pdf,179
Gemini,REALBK1.pdf,180
General Mojo's Well Laid Plan,REALBK1.pdf,181
Gentle Rain,REALBK1.pdf,182
Giant Steps,REALBK1.pdf,183
Girl From Ipanema,REALBK1.pdf,184
Gloria's Step,REALBK1.pdf,185
God Bless The Child,REALBK1.pdf,186
Golden Lady,REALBK1.pdf,187
Good Evening Mr. And Mrs.America,REALBK1.pdf,189
Goodbye Porkpie Hat,REALBK1.pdf,188
Grand Central,REALBK1.pdf,191
Green Dolphin Street,REALBK1.pdf,192
Green Mountains,REALBK1.pdf,193
Groovin' High,REALBK1.pdf,194
Grow Your Own,REALBK1.pdf,195
Half Nelson,REALBK1.pdf,197
Hassan's Dream,REALBK1.pdf,198
Have You Met Miss Jones,REALBK1.pdf,199
Heaven,REALBK1.pdf,200
Hello Young Lovers,REALBK1.pdf,201
Henninger Flats,REALBK1.pdf,203
Here's That Rainy Day,REALBK1.pdf,204
Herzog,REALBK1.pdf,205
Hey There,REALBK1.pdf,207
Hold Out Your Hand,REALBK1.pdf,208
Hotel Hello,REALBK1.pdf,211
Hotel Overture,REALBK1.pdf,209
Hotel Vamp,REALBK1.pdf,210
House Of Jade,REALBK1.pdf,214
How High The Moon,REALBK1.pdf,215
How Insensitive,REALBK1.pdf,216
How My Heart Sings,REALBK1.pdf,217
Hullo Bolinas,REALBK1.pdf,218
I Can't Get Started,REALBK1.pdf,221
I Could Write A Book,REALBK1.pdf,222
I Got It Bad,REALBK1.pdf,226
I Let A Song Go Out Of My Heart,REALBK1.pdf,227
I Love You,REALBK1.pdf,228
I Mean You,REALBK1.pdf,232
I Remember Clifford,REALBK1.pdf,248
I Should Care,REALBK1.pdf,250
I'll Remember April,REALBK1.pdf,231
I'm Afraid,REALBK1.pdf,503
I'm All Smiles,REALBK1.pdf,229
I'm Your Pal,REALBK1.pdf,234
Icarus,REALBK1.pdf,219
Ictus,REALBK1.pdf,51
Ida Lupino,REALBK1.pdf,223
If You Never Come To Me,REALBK1.pdf,225
Impressions,REALBK1.pdf,233
In A Mellow Tone,REALBK1.pdf,235
In A Sentimental Mood,REALBK1.pdf,236
In Your Own Sweet Way,REALBK1.pdf,245
In Your Quiet Place,REALBK1.pdf,246
Inchworm,REALBK1.pdf,237
Indian Lady,REALBK1.pdf,238
Inner Urge,REALBK1.pdf,242
Inside In,REALBK1.pdf,239
Interplay,REALBK1.pdf,243
Intrepid Fox,REALBK1.pdf,244
Invitation,REALBK1.pdf,247
Iris,REALBK1.pdf,249
Isn't It Romantic,REALBK1.pdf,251
Isotope,REALBK1.pdf,252
Israel,REALBK1.pdf,253
It Don't Mean A Thing,REALBK1.pdf,254
It's A Raggy Waltz,REALBK1.pdf,255
Jelly Roll,REALBK1.pdf,256
Jinrikisha,REALBK1.pdf,257
Jordu,REALBK1.pdf,258
Journey To Recife,REALBK1.pdf,259
Joy Spring,REALBK1.pdf,260
Jump Monk,REALBK1.pdf,263
June 15th 1967,REALBK1.pdf,265
Just Friends,REALBK1.pdf,262
Kelo,REALBK1.pdf,502
La Fiesta,REALBK1.pdf,267
Lady Bird,REALBK1.pdf,269
Lament,REALBK1.pdf,270
Las Vegas Tango,REALBK1.pdf,271
Lazy Bird,REALBK1.pdf,272
Leroy The Magician,REALBK1.pdf,273
Lie Awake,REALBK1.pdf,274
Like Someone In Love,REALBK1.pdf,275
Limehouse Blues,REALBK1.pdf,276
Litha,REALBK1.pdf,277
Little B's Poem,REALBK1.pdf,279
Little Niles,REALBK1.pdf,280
Little Waltz,REALBK1.pdf,283
Liturgy,REALBK1.pdf,281
Long Ago And Far Away,REALBK1.pdf,285
Long As You Know You're  Living Yours,REALBK1.pdf,284
Lonnie's Lament,REALBK1.pdf,286
Look To The Sky,REALBK1.pdf,287
Looking Back,REALBK1.pdf,288
Lucky Southern,REALBK1.pdf,289
Lullaby Of Birdland,REALBK1.pdf,290
Lush Life,REALBK1.pdf,291
Magician In You The,REALBK1.pdf,293
Maiden Voyage,REALBK1.pdf,294
Majoong,REALBK1.pdf,299
Mallet Man,REALBK1.pdf,295
Man In The Green Shirt,REALBK1.pdf,297
May Dance,REALBK1.pdf,300
Meditation,REALBK1.pdf,301
Memories Of Tomorrow,REALBK1.pdf,302
Memphis Underground,REALBK1.pdf,318
Mevlevia,REALBK1.pdf,303
Michelle,REALBK1.pdf,305
Midnight Mood,REALBK1.pdf,306
Milano,REALBK1.pdf,307
Minority,REALBK1.pdf,308
Misty,REALBK1.pdf,309
Miyako,REALBK1.pdf,310
Molten Glass,REALBK1.pdf,311
Moment's Notice,REALBK1.pdf,312
Montage,REALBK1.pdf,313
Mood Indigo,REALBK1.pdf,314
Moon Germs,REALBK1.pdf,315
Moonchild,REALBK1.pdf,106
More I See You(The),REALBK1.pdf,316
Mother Of The Dead Man,REALBK1.pdf,317
Mr. Jin,REALBK1.pdf,504
Mr. P.C.,REALBK1.pdf,318
My Favorite Things,REALBK1.pdf,319
My Foolish Heart,REALBK1.pdf,320
My Funny Valentine,REALBK1.pdf,321
My Little Boat,REALBK1.pdf,322
My One And Only Love,REALBK1.pdf,323
My Romance,REALBK1.pdf,324
My Ship,REALBK1.pdf,327
Mysterious Traveler,REALBK1.pdf,325
Naima,REALBK1.pdf,328
Nardis,REALBK1.pdf,329
Nefertiti,REALBK1.pdf,330
Never Will I Marry,REALBK1.pdf,331
Nica's Dream,REALBK1.pdf,332
Night And Day,REALBK1.pdf,333
Night Dreamer,REALBK1.pdf,334
Night Has A Thousand Eyes,REALBK1.pdf,335
Night In Tunisia(A),REALBK1.pdf,20
Nimbus,REALBK1.pdf,336
Nonsequence,REALBK1.pdf,337
Nostalgia In Times Square,REALBK1.pdf,339
Oleo,REALBK1.pdf,340
Olhos De Gato,REALBK1.pdf,341
Olinoqui Valley,REALBK1.pdf,505
Once I Loved,REALBK1.pdf,342
One Finger Snap,REALBK1.pdf,343
One Note Samba,REALBK1.pdf,344
Open Your Eyes You Can Fly,REALBK1.pdf,345
Orbits,REALBK1.pdf,347
Ornithology,REALBK1.pdf,348
Out Of Nowhere,REALBK1.pdf,349
Passion Dance,REALBK1.pdf,350
Peace,REALBK1.pdf,353
Peaches En Regalia,REALBK1.pdf,351
Pearlie's Swine,REALBK1.pdf,354
Pee Wee,REALBK1.pdf,355
Peggy's Blue Skylight,REALBK1.pdf,356
Pensativa,REALBK1.pdf,357
Pent-Up House,REALBK1.pdf,359
Perfect Love,REALBK1.pdf,507
Peri's Scope,REALBK1.pdf,360
Pfrancing (No Blues),REALBK1.pdf,361
Pinocchio,REALBK1.pdf,362
Pithycanthropus Erectus,REALBK1.pdf,363
Plain Jane,REALBK1.pdf,506
Played Twice,REALBK1.pdf,364
Portsmouth Figurations,REALBK1.pdf,365
Prelude To A Kiss,REALBK1.pdf,366
Prince Of Darkness,REALBK1.pdf,367
Pussy Cat Dues,REALBK1.pdf,368
Quiet Now,REALBK1.pdf,369
Raven (The),REALBK1.pdf,370
Real Guitarist,REALBK1.pdf,371
Recordame,REALBK1.pdf,372
Red Clay,REALBK1.pdf,375
Reflections,REALBK1.pdf,508
Reincarnation Of A Lovebird,REALBK1.pdf,373
Resolution,REALBK1.pdf,376
Road Song,REALBK1.pdf,509
Round Midnight,REALBK1.pdf,377
Saga Of Harrison Crabpeathers,REALBK1.pdf,378
Same Shame,REALBK1.pdf,379
Satin Doll,REALBK1.pdf,380
Scotch 'N' Soda,REALBK1.pdf,381
Scrapple From The Apple,REALBK1.pdf,382
Sea Journey,REALBK1.pdf,383
Self Portrait In 3 Colors,REALBK1.pdf,385
Semblence,REALBK1.pdf,386
Senor Mouse,REALBK1.pdf,387
Serenade To A Cuckoo,REALBK1.pdf,390
Seven Come Eleven,REALBK1.pdf,391
Seven Steps To Heaven,REALBK1.pdf,392
Shades Of Light,REALBK1.pdf,393
Shadow Of Your Smile,REALBK1.pdf,394
Sidewinder,REALBK1.pdf,395
Sing Me Softly Of The Blues,REALBK1.pdf,396
Skating In Central Park,REALBK1.pdf,397
Slowly Gone Bygone,REALBK1.pdf,398
So What,REALBK1.pdf,412
Solar,REALBK1.pdf,399
Solitude,REALBK1.pdf,400
Some Other Time,REALBK1.pdf,402
Some Skunk Funk,REALBK1.pdf,403
Someday My Prince Will Come,REALBK1.pdf,401
Sometime Ago,REALBK1.pdf,405
Son Of Mr. Green Genes,REALBK1.pdf,409
Song,REALBK1.pdf,406
Song For My Father,REALBK1.pdf,407
Song Is You,REALBK1.pdf,408
Sophisticated Lady,REALBK1.pdf,410
Sorcerer,REALBK1.pdf,411
Space Circus Part 1,REALBK1.pdf,413
Space Circus Part 2,REALBK1.pdf,415
Speak No Evil,REALBK1.pdf,417
Spiral Dance,REALBK1.pdf,418
Spring Is Here,REALBK1.pdf,419
Star-Crossed Lovers,REALBK1.pdf,420
Stella By Starlight,REALBK1.pdf,421
Steps,REALBK1.pdf,422
Stolen Moments,REALBK1.pdf,423
Stompin' At The Savoy,REALBK1.pdf,424
Straight No Chaser,REALBK1.pdf,425
Stuff,REALBK1.pdf,426
Sugar,REALBK1.pdf,427
Summer Samba,REALBK1.pdf,428
Swedish Pastry,REALBK1.pdf,429
Sweeping Up,REALBK1.pdf,213
Sweet Georgia Bright,REALBK1.pdf,430
Sweet Henry,REALBK1.pdf,431
Sweet Rain,REALBK1.pdf,432
Take Five,REALBK1.pdf,433
Take The "A" Train,REALBK1.pdf,434
Tame Thy Pen,REALBK1.pdf,435
Tell Me A Bedtime Story,REALBK1.pdf,437
The Disguise The Sphinx,REALBK1.pdf,501
There Is No Greater Love,REALBK1.pdf,436
There Will Never Be Another You,REALBK1.pdf,439
They Can't Take That Away From Me,REALBK1.pdf,440
Think On Me,REALBK1.pdf,441
Three Flowers,REALBK1.pdf,442
Time Remembered,REALBK1.pdf,445
Tones For Joan's Bones,REALBK1.pdf,443
Tough Talk,REALBK1.pdf,446
Train Samba,REALBK1.pdf,447
Trance,REALBK1.pdf,448
Triste,REALBK1.pdf,449
Tune-Up,REALBK1.pdf,450
Turn Out The Stars,REALBK1.pdf,451
Unquity Road,REALBK1.pdf,452
Up Jumped Spring,REALBK1.pdf,453
Upper Manhattan Medical Group,REALBK1.pdf,454
Valse Hot,REALBK1.pdf,510
Vashkar,REALBK1.pdf,455
Very Early,REALBK1.pdf,456
Virgo,REALBK1.pdf,457
Wait Till You See Her,REALBK1.pdf,458
Walkin',REALBK1.pdf,459
Walter L.,REALBK1.pdf,460
Waltz,REALBK1.pdf,461
Waltz For A Lovely Wife,REALBK1.pdf,462
Waltz For Derby,REALBK1.pdf,463
Waltzin',REALBK1.pdf,464
Wave,REALBK1.pdf,465
We'll Be Together Again,REALBK1.pdf,466
Well You Needn't,REALBK1.pdf,467
West Coast Blues,REALBK1.pdf,468
What Am I Here For,REALBK1.pdf,469
What Are You Doing The Rest Of Your Life,REALBK1.pdf,470
What Is This Thing Love,REALBK1.pdf,473
What Was,REALBK1.pdf,471
When I Fall In Love,REALBK1.pdf,474
When Sunny Gets Blue,REALBK1.pdf,475
Where Are You,REALBK1.pdf,476
Wild Flower,REALBK1.pdf,477
Windows,REALBK1.pdf,479
Wings Of Karma,REALBK1.pdf,481
Witch Hunt,REALBK1.pdf,482
Woody'n You,REALBK1.pdf,483
Yes Or No,REALBK1.pdf,484
Yesterday,REALBK1.pdf,485
Yesterdays,REALBK1.pdf,486
You Are The Sunshine Of My Life,REALBK1.pdf,487
You Are Too Beautiful,REALBK1.pdf,488
You Don't Know What Love Is,REALBK1.pdf,489
You Took Advantage Of Me,REALBK1.pdf,490
