Ablution                    ,Real Book Eb 2.pdf,7
Affirmation                 ,Real Book Eb 2.pdf,8
Airmail Special             ,Real Book Eb 2.pdf,9
Alfie's Theme               ,Real Book Eb 2.pdf,10
All Alone                   ,Real Book Eb 2.pdf,11
All God's Chillun Got Rhythm,Real Book Eb 2.pdf,12
Altoitis                    ,Real Book Eb 2.pdf,13
Another Star                ,Real Book Eb 2.pdf,14
April                       ,Real Book Eb 2.pdf,16
April Skies                 ,Real Book Eb 2.pdf,15
Ask Me Now                  ,Real Book Eb 2.pdf,18
Avalon                      ,Real Book Eb 2.pdf,19
Backstage Sally           ,Real Book Eb 2.pdf,20
Bags And Trane            ,Real Book Eb 2.pdf,21
Bags' Groove              ,Real Book Eb 2.pdf,22
Barbados                  ,Real Book Eb 2.pdf,23
Barbara                   ,Real Book Eb 2.pdf,24
Basin Street Blues        ,Real Book Eb 2.pdf,25
Ba-Lue Bolivar Ba-Lues Are,Real Book Eb 2.pdf,26
Be Bop                    ,Real Book Eb 2.pdf,27
Beethoven's Blue 3rd      ,Real Book Eb 2.pdf,26
Better Git It In Your Soul,Real Book Eb 2.pdf,28
Beyond All Limits         ,Real Book Eb 2.pdf,29
Billie's Bounce      ,Real Book Eb 2.pdf,30
Birdland             ,Real Book Eb 2.pdf,32
Birth Of The Blues   ,Real Book Eb 2.pdf,31
Black And Tan Fantasy,Real Book Eb 2.pdf,34
Bloomdido            ,Real Book Eb 2.pdf,35
Blue And SentiMental ,Real Book Eb 2.pdf,36
Blue Moon            ,Real Book Eb 2.pdf,37
Blue A La MOde       ,Real Book Eb 2.pdf,38
Blues By Five        ,Real Book Eb 2.pdf,39
Blues Connotation    ,Real Book Eb 2.pdf,38
Blue Seven           ,Real Book Eb 2.pdf,39
Blues For Philly Joe ,Real Book Eb 2.pdf,40
Blues For Wood       ,Real Book Eb 2.pdf,40
Blue Silver          ,Real Book Eb 2.pdf,41
Blues In The Closet  ,Real Book Eb 2.pdf,42
Birk's Works,Real Book Eb 2.pdf,43
Buster Rides Again,Real Book Eb 2.pdf,43
Boogie Stop Shuffle  ,Real Book Eb 2.pdf,44
Booker's Waltz       ,Real Book Eb 2.pdf,45
Brazilian Beat       ,Real Book Eb 2.pdf,47
Brian's Song         ,Real Book Eb 2.pdf,48
Bright Boy           ,Real Book Eb 2.pdf,49
Bright Moments,Real Book Eb 2.pdf,50
Brilliant Corners    ,Real Book Eb 2.pdf,51
Brown Skin Girl   ,Real Book Eb 2.pdf,52
Budo      ,Real Book Eb 2.pdf,53
Bud's Bubble      ,Real Book Eb 2.pdf,54
Bunko             ,Real Book Eb 2.pdf,55
But Not For Me    ,Real Book Eb 2.pdf,56
Bye Bye Blackbird,Real Book Eb 2.pdf,57
Can't We Be Friends,Real Book Eb 2.pdf,58
Caravan      ,Real Book Eb 2.pdf,59
Careful      ,Real Book Eb 2.pdf,60
Careless Love,Real Book Eb 2.pdf,61
C Jam Blues,Real Book Eb 2.pdf,61
Catch Me                   ,Real Book Eb 2.pdf,62
C'est What                 ,Real Book Eb 2.pdf,63
Chameleon                  ,Real Book Eb 2.pdf,64
Chase  The                 ,Real Book Eb 2.pdf,65
Cheese Cake                ,Real Book Eb 2.pdf,66
Circle                     ,Real Book Eb 2.pdf,67
Chasin' The Train,Real Book Eb 2.pdf,68
Cousin Mary                ,Real Book Eb 2.pdf,68
Come Rain Or Come Shine    ,Real Book Eb 2.pdf,69
Comin' Home Baby           ,Real Book Eb 2.pdf,70
Cool Blues                 ,Real Book Eb 2.pdf,70
Confessin (That I Love You),Real Book Eb 2.pdf,71
Cookin'                    ,Real Book Eb 2.pdf,72
Core  The                  ,Real Book Eb 2.pdf,72
Crazeology                 ,Real Book Eb 2.pdf,73
Criss/Cross                ,Real Book Eb 2.pdf,74
Cute                       ,Real Book Eb 2.pdf,75
Cork'N'Bib,Real Book Eb 2.pdf,76
Duff      ,Real Book Eb 2.pdf,76
Day In Vienna  A                ,Real Book Eb 2.pdf,77
Deep Purple                     ,Real Book Eb 2.pdf,78
Dewey Square                    ,Real Book Eb 2.pdf,79
Diane                           ,Real Book Eb 2.pdf,80
Dindi                           ,Real Book Eb 2.pdf,81
Domingo                         ,Real Book Eb 2.pdf,82
Do Nothing Till You Hear From Me,Real Book Eb 2.pdf,83
Down For Double                 ,Real Book Eb 2.pdf,84
Doxy                            ,Real Book Eb 2.pdf,85
Do You Know What It Means (To Miss New Orleans),Real Book Eb 2.pdf,86
Drive  The,Real Book Eb 2.pdf,87
Early Autumn              ,Real Book Eb 2.pdf,88
Eclypso                   ,Real Book Eb 2.pdf,89
Elora        ,Real Book Eb 2.pdf,90
Embraceable You           ,Real Book Eb 2.pdf,91
Enchance                  ,Real Book Eb 2.pdf,92
Epilogue                  ,Real Book Eb 2.pdf,93
Evening In Concert        ,Real Book Eb 2.pdf,94
Everything I Have Is Yours,Real Book Eb 2.pdf,95
Eye Of The Hurricane      ,Real Book Eb 2.pdf,96
Ezz-thetic                ,Real Book Eb 2.pdf,97
E.K.'s Blues              ,Real Book Eb 2.pdf,98
52nd Street Theme            ,Real Book Eb 2.pdf,99
Feels So Good                ,Real Book Eb 2.pdf,100
First Moves                  ,Real Book Eb 2.pdf,102
First Trip                   ,Real Book Eb 2.pdf,103
Five Brothers                ,Real Book Eb 2.pdf,104
Flim Flam                    ,Real Book Eb 2.pdf,105
Flintstone's Theme           ,Real Book Eb 2.pdf,106
Flower Is A Lonesome Thing  A,Real Book Eb 2.pdf,107
Fly By Night                 ,Real Book Eb 2.pdf,108
Five Spot After Dark         ,Real Book Eb 2.pdf,110
Funk Dumplin                             ,Real Book Eb 2.pdf,110
Flying Home                  ,Real Book Eb 2.pdf,111
Fly Me To The Moon           ,Real Book Eb 2.pdf,112
Fools Rush In                ,Real Book Eb 2.pdf,113
For Minors Only..            ,Real Book Eb 2.pdf,114
Four Brothers                ,Real Book Eb 2.pdf,115
Fox Hunt                     ,Real Book Eb 2.pdf,116
Freddie Froo                             ,Real Book Eb 2.pdf,117
Free Cell Block F Tis Nazi    U.S.A...,Real Book Eb 2.pdf,118
Friday The 13th                          ,Real Book Eb 2.pdf,120
Free,Real Book Eb 2.pdf,122
Funky                                    ,Real Book Eb 2.pdf,122
Games People Play           ,Real Book Eb 2.pdf,123
Gettin' It Together          ,Real Book Eb 2.pdf,123
Gentle Wind And Falling Tear,Real Book Eb 2.pdf,124
Georgia                     ,Real Book Eb 2.pdf,125
Get Out Of Town             ,Real Book Eb 2.pdf,126
Ghost Of A Chance  A        ,Real Book Eb 2.pdf,127
Gentle Rain                 ,Real Book Eb 2.pdf,128
Girl Talk                   ,Real Book Eb 2.pdf,128
Good Bait                   ,Real Book Eb 2.pdf,129
Golden Notebooks            ,Real Book Eb 2.pdf,130
Gregory Is Here             ,Real Book Eb 2.pdf,132
Groove Merchant             ,Real Book Eb 2.pdf,134
Groove Yard                 ,Real Book Eb 2.pdf,135
Groovy Samba                ,Real Book Eb 2.pdf,136
Hackensack,Real Book Eb 2.pdf,137
Hallucinations       ,Real Book Eb 2.pdf,138
Happy Little Sunbeam ,Real Book Eb 2.pdf,139
Havona               ,Real Book Eb 2.pdf,140
Harlequin            ,Real Book Eb 2.pdf,141
Head And Shoulders   ,Real Book Eb 2.pdf,143
Here's That Sunny Day,Real Book Eb 2.pdf,144
Hello                ,Real Book Eb 2.pdf,146
 Horace scope         ,Real Book Eb 2.pdf,146
Hi Beck              ,Real Book Eb 2.pdf,147
Ho-Ba-La-La          ,Real Book Eb 2.pdf,148
Hocus Pocus          ,Real Book Eb 2.pdf,149
Horizon              ,Real Book Eb 2.pdf,150
Hummin'              ,Real Book Eb 2.pdf,153
Humpty Dumpty        ,Real Book Eb 2.pdf,154
Ice Cream Konitz                ,Real Book Eb 2.pdf,155
I Believe In You                ,Real Book Eb 2.pdf,156
I Cover The Waterfront          ,Real Book Eb 2.pdf,158
Idol Gossip                     ,Real Book Eb 2.pdf,159
If I Loved You                  ,Real Book Eb 2.pdf,160
If I Should Lose You            ,Real Book Eb 2.pdf,161
If I Were A Bell                ,Real Book Eb 2.pdf,162
If You Could See Me Now         ,Real Book Eb 2.pdf,163
I Get A Kick Out Of You         ,Real Book Eb 2.pdf,164
I Hear A Rhapsody               ,Real Book Eb 2.pdf,166
I'm A Fool To Want You          ,Real Book Eb 2.pdf,167
Imagination                     ,Real Book Eb 2.pdf,168
I'm Gettin' Sentimental Over You,Real Book Eb 2.pdf,169
In Case You Haven't Heard       ,Real Book Eb 2.pdf,170
Incentive                       ,Real Book Eb 2.pdf,171
Indiana                         ,Real Book Eb 2.pdf,172
In Pursuit Of The 27th Man      ,Real Book Eb 2.pdf,173
 In Walked Bud                  ,Real Book Eb 2.pdf,174
 I Remember You                 ,Real Book Eb 2.pdf,175
 Island Birdie                  ,Real Book Eb 2.pdf,176
 Is It Really-True?             ,Real Book Eb 2.pdf,177
 It Could Happen To You         ,Real Book Eb 2.pdf,178
 It Had To Be You               ,Real Book Eb 2.pdf,179
 I Thought About You            ,Real Book Eb 2.pdf,180
 It's Only A Paper Moon         ,Real Book Eb 2.pdf,181
 It Might As Well Be Spring     ,Real Book Eb 2.pdf,182
 I've Found A New Baby          ,Real Book Eb 2.pdf,184
 I Will Wait For You            ,Real Book Eb 2.pdf,185
Jackie           ,Real Book Eb 2.pdf,185
Jaco             ,Real Book Eb 2.pdf,186
Jeannine         ,Real Book Eb 2.pdf,187
Je Ne Sais Pas   ,Real Book Eb 2.pdf,188
Jody Grind  The  ,Real Book Eb 2.pdf,189
Jitterbug Waltz  ,Real Book Eb 2.pdf,190
Jorgie's         ,Real Book Eb 2.pdf,192
Joyce's Samba    ,Real Book Eb 2.pdf,193
Joy To The World ,Real Book Eb 2.pdf,194
Jumping With Symphany Sid   ,Real Book Eb 2.pdf,194
Jump For Me                 ,Real Book Eb 2.pdf,195
Just A Few                  ,Real Book Eb 2.pdf,196
Just A-Sittin' and A-Rockin',Real Book Eb 2.pdf,197
Just In Time                ,Real Book Eb 2.pdf,198
Just You  Just Me           ,Real Book Eb 2.pdf,199
Just The Way You Are        ,Real Book Eb 2.pdf,200
Kary's Trance,Real Book Eb 2.pdf,202
Katrina Ballerina    ,Real Book Eb 2.pdf,203
Kentucky Oysters      ,Real Book Eb 2.pdf,204
Kicker  The           ,Real Book Eb 2.pdf,204
Kids Are Pretty People,Real Book Eb 2.pdf,205
Killer Joe            ,Real Book Eb 2.pdf,206
Lady's Blues           ,Real Book Eb 2.pdf,207
Lakes                  ,Real Book Eb 2.pdf,208
Laura                  ,Real Book Eb 2.pdf,209
Last Page  The         ,Real Book Eb 2.pdf,210
La Nevada Blues        ,Real Book Eb 2.pdf,212
 Limbo                 ,Real Book Eb 2.pdf,212
Leila                  ,Real Book Eb 2.pdf,213
Lennie's Pennies       ,Real Book Eb 2.pdf,214
Lester Leaps /n-       ,Real Book Eb 2.pdf,215
Let's Cool  One         ,Real Book Eb 2.pdf,216
 Liberated Brother     ,Real Book Eb 2.pdf,217
 Lies                  ,Real Book Eb 2.pdf,218
 Light As A Feather    ,Real Book Eb 2.pdf,219
 Like Sonny            ,Real Book Eb 2.pdf,220
 Little Chicago Fire  A,Real Book Eb 2.pdf,221
Little Sunflower    ,Real Book Eb 2.pdf,222
Locomotion          ,Real Book Eb 2.pdf,223
Lone Jack           ,Real Book Eb 2.pdf,224
Lonely Dreams       ,Real Book Eb 2.pdf,226
Lover               ,Real Book Eb 2.pdf,227
Love For Sale       ,Real Book Eb 2.pdf,228
Lover Man           ,Real Book Eb 2.pdf,230
Love Vibrations     ,Real Book Eb 2.pdf,231
Lydian April        ,Real Book Eb 2.pdf,232
Lennie-Bird            ,Real Book Eb 2.pdf,233
Mr. Clean               ,Real Book Eb 2.pdf,233
Make Someone Happy  ,Real Book Eb 2.pdf,234
Man I Love  The     ,Real Book Eb 2.pdf,235
Masquerade          ,Real Book Eb 2.pdf,236
May- Reh            ,Real Book Eb 2.pdf,237
Mellow Mood         ,Real Book Eb 2.pdf,238
Memories Of You     ,Real Book Eb 2.pdf,239
Menina Flor         ,Real Book Eb 2.pdf,240
Mercy  Mercy  Mercy ,Real Book Eb 2.pdf,241
Miles Ahead             ,Real Book Eb 2.pdf,242
Minor Mishap            ,Real Book Eb 2.pdf,243
Minor Mood              ,Real Book Eb 2.pdf,244
Moak's Shop             ,Real Book Eb 2.pdf,245
Moanin'                 ,Real Book Eb 2.pdf,246
Modesty Blues           ,Real Book Eb 2.pdf,247
Monk's Mood             ,Real Book Eb 2.pdf,248
Monk's Sphere           ,Real Book Eb 2.pdf,249
Mystic Touch            ,Real Book Eb 2.pdf,249
Moon Glow               ,Real Book Eb 2.pdf,250
Moon Rays               ,Real Book Eb 2.pdf,251
Moontrane               ,Real Book Eb 2.pdf,252
Moose The Mooche        ,Real Book Eb 2.pdf,253
Morning                 ,Real Book Eb 2.pdf,254
Moten's Swing           ,Real Book Eb 2.pdf,255
Move                    ,Real Book Eb 2.pdf,256
Moving Out              ,Real Book Eb 2.pdf,257
Mr. Broadway  Theme From,Real Book Eb 2.pdf,258
Mr. Jones               ,Real Book Eb 2.pdf,259
Mr. Magic ,Real Book Eb 2.pdf,260
Mr. Sims                ,Real Book Eb 2.pdf,261
Mrs Miniver             ,Real Book Eb 2.pdf,262
Muezzin'                ,Real Book Eb 2.pdf,263
My Little Suede Shoes   ,Real Book Eb 2.pdf,264
My Old Flame            ,Real Book Eb 2.pdf,265
Nature Boy ,Real Book Eb 2.pdf,266
Nearness Of You  The,Real Book Eb 2.pdf,267
New Thing  A ,Real Book Eb 2.pdf,268
No Me Esqueca ,Real Book Eb 2.pdf,269
No Moe ,Real Book Eb 2.pdf,270
Nancy Joe           ,Real Book Eb 2.pdf,271
Now's The Time ,Real Book Eb 2.pdf,271
North Atlantic Run ,Real Book Eb 2.pdf,272
No Splice ,Real Book Eb 2.pdf,274
Nutville ,Real Book Eb 2.pdf,275
Off Minor ,Real Book Eb 2.pdf,276
On The Trail ,Real Book Eb 2.pdf,276
Oh Lady Be Good',Real Book Eb 2.pdf,277
Old Devil Moon ,Real Book Eb 2.pdf,278
On A Clear Day ,Real Book Eb 2.pdf,279
Once In While ,Real Book Eb 2.pdf,280
One By One ,Real Book Eb 2.pdf,281
One Foot In The Gutter,Real Book Eb 2.pdf,282
On The Stairs ,Real Book Eb 2.pdf,283
One For Daddy-O. ,Real Book Eb 2.pdf,284
Opus De Funk ,Real Book Eb 2.pdf,284
Our Love Is Here To Stay,Real Book Eb 2.pdf,285
Out Back Of The Barn ,Real Book Eb 2.pdf,286
Pannonica                    ,Real Book Eb 2.pdf,287
Palo-Alto                    ,Real Book Eb 2.pdf,288
Patterns                     ,Real Book Eb 2.pdf,290
Pennies From Heaven          ,Real Book Eb 2.pdf,292
Penny Arcade                 ,Real Book Eb 2.pdf,293
Perdido                      ,Real Book Eb 2.pdf,294
Perdido Line                 ,Real Book Eb 2.pdf,296
People Will Say We're In Love,Real Book Eb 2.pdf,298
Petite Fleure                ,Real Book Eb 2.pdf,299
Petits Machins               ,Real Book Eb 2.pdf,300
Pick Yourself Up             ,Real Book Eb 2.pdf,301
Phase Dance                  ,Real Book Eb 2.pdf,302
Polka Dots And Moonbeams     ,Real Book Eb 2.pdf,303
Portrait Of Jennie           ,Real Book Eb 2.pdf,304
Progression                  ,Real Book Eb 2.pdf,305
Preacher  The                ,Real Book Eb 2.pdf,306
Pursuance                    ,Real Book Eb 2.pdf,306
Quicksilver,Real Book Eb 2.pdf,307
Recado Bossa Nova  ,Real Book Eb 2.pdf,308
Red Cross          ,Real Book Eb 2.pdf,309
Remark You Made  A ,Real Book Eb 2.pdf,310
Robbin's Nest      ,Real Book Eb 2.pdf,312
Ramblin'           ,Real Book Eb 2.pdf,313
Round Trip         ,Real Book Eb 2.pdf,313
Rubberneck         ,Real Book Eb 2.pdf,314
Rhythm-A-Ning      ,Real Book Eb 2.pdf,315
Salt Peanuts            ,Real Book Eb 2.pdf,316
Samba Du Bois           ,Real Book Eb 2.pdf,317
Sandu                   ,Real Book Eb 2.pdf,318
728,Real Book Eb 2.pdf,318
September In The Rain   ,Real Book Eb 2.pdf,319
September Song          ,Real Book Eb 2.pdf,320
Serene                  ,Real Book Eb 2.pdf,321
Saint Thomas                          ,Real Book Eb 2.pdf,321
Serenade To A SoulSister,Real Book Eb 2.pdf,322
Seventeen West          ,Real Book Eb 2.pdf,323
Song For My Lady                      ,Real Book Eb 2.pdf,323
Shiny Stockings         ,Real Book Eb 2.pdf,324
Serenity                ,Real Book Eb 2.pdf,325
Some Other Blues                      ,Real Book Eb 2.pdf,325
Silver's Serenade       ,Real Book Eb 2.pdf,326
Simone                  ,Real Book Eb 2.pdf,327
Short Stop              ,Real Book Eb 2.pdf,328
Shutter Bug             ,Real Book Eb 2.pdf,328
Summer Time                           ,Real Book Eb 2.pdf,329
Swingin' Shepherd Blues               ,Real Book Eb 2.pdf,329
Sister Sadie            ,Real Book Eb 2.pdf,330
Saint James Infirmary   ,Real Book Eb 2.pdf,331
Sippin' At Bell's       ,Real Book Eb 2.pdf,331
Slipped Disc            ,Real Book Eb 2.pdf,332
Slow  Hot; Wind         ,Real Book Eb 2.pdf,334
Smoke Gets In Your Eyes               ,Real Book Eb 2.pdf,335
Softly As A Morning Sunrise           ,Real Book Eb 2.pdf,336
Someone To Watch Over Me              ,Real Book Eb 2.pdf,337
Song For Bilbao   ,Real Book Eb 2.pdf,338
Soul Eyes                             ,Real Book Eb 2.pdf,339
Soultrane                             ,Real Book Eb 2.pdf,340
Sound Lee                             ,Real Book Eb 2.pdf,341
Speak Like A Child                    ,Real Book Eb 2.pdf,342
Speak Low                             ,Real Book Eb 2.pdf,343
Spiral                                ,Real Book Eb 2.pdf,344
Spring Can Really Hang You Up The Most,Real Book Eb 2.pdf,345
Stardust                              ,Real Book Eb 2.pdf,346
Star Eyes                             ,Real Book Eb 2.pdf,347
Street Louis Blues                    ,Real Book Eb 2.pdf,348
Straight Life                         ,Real Book Eb 2.pdf,349
Strayhorn 2                           ,Real Book Eb 2.pdf,350
Strode Rode                           ,Real Book Eb 2.pdf,351
Strollin'                             ,Real Book Eb 2.pdf,352
Struttin' With Some Bar-B-Q           ,Real Book Eb 2.pdf,353
Sub-Conscious-Lee                     ,Real Book Eb 2.pdf,354
Summer In Central Park                ,Real Book Eb 2.pdf,355
Summer Knows  The                     ,Real Book Eb 2.pdf,356
Sunshine Express                      ,Real Book Eb 2.pdf,357
Sweetest Sounds  The                  ,Real Book Eb 2.pdf,358
Sweet Georgia Brown                   ,Real Book Eb 2.pdf,359
Syeeda's Song Flute                   ,Real Book Eb 2.pdf,360
Short Riff              ,Real Book Eb 2.pdf,362
Thumper  The                           ,Real Book Eb 2.pdf,362
Tadd's Delight,Real Book Eb 2.pdf,363
Taking A Chance On Love                ,Real Book Eb 2.pdf,364
Tangerine                              ,Real Book Eb 2.pdf,365
Tautology                              ,Real Book Eb 2.pdf,366
Teenie' Blues                          ,Real Book Eb 2.pdf,367
Twisted    ,Real Book Eb 2.pdf,367
Tenderly                               ,Real Book Eb 2.pdf,368
Theirs Tears                           ,Real Book Eb 2.pdf,369
These Foolish Things (Remind Me Of You),Real Book Eb 2.pdf,370
Things Ain't What They Used To Be      ,Real Book Eb 2.pdf,371
Things To Come                         ,Real Book Eb 2.pdf,372
This I Dig Of You                      ,Real Book Eb 2.pdf,373
Thriving On A Riff                     ,Real Book Eb 2.pdf,374
Tickle-Toe                             ,Real Book Eb 2.pdf,375
Till There Was You                     ,Real Book Eb 2.pdf,376
Time After Time                     •  ,Real Book Eb 2.pdf,377
Tippin'                                ,Real Book Eb 2.pdf,378
Tomorrow's Destiny                     ,Real Book Eb 2.pdf,379
Toad's Place                           ,Real Book Eb 2.pdf,380
Tenor Madness                          ,Real Book Eb 2.pdf,382
Trane's Blues                          ,Real Book Eb 2.pdf,382
Turn Around                            ,Real Book Eb 2.pdf,383
Two Not One,Real Book Eb 2.pdf,384
Vonetta,Real Book Eb 2.pdf,385
Walkin' Shoes             ,Real Book Eb 2.pdf,386
Walkin' Thing  A          ,Real Book Eb 2.pdf,387
Walk Tall                 ,Real Book Eb 2.pdf,388
Wall Street               ,Real Book Eb 2.pdf,389
Watch What Happens        ,Real Book Eb 2.pdf,390
Water Colors              ,Real Book Eb 2.pdf,391
Watersign                 ,Real Book Eb 2.pdf,392
Way You Look Tonight  The ,Real Book Eb 2.pdf,394
Weekend Blues             ,Real Book Eb 2.pdf,395
Wendy                     ,Real Book Eb 2.pdf,396
What's New                ,Real Book Eb 2.pdf,397
When Lights Are Low       ,Real Book Eb 2.pdf,398
Whisper Not               ,Real Book Eb 2.pdf,399
Who Can I Turn To         ,Real Book Eb 2.pdf,400
Whopper  The              ,Real Book Eb 2.pdf,401
Willow Weep For Me        ,Real Book Eb 2.pdf,402
Wow                       ,Real Book Eb 2.pdf,403
Wrong Is Right            ,Real Book Eb 2.pdf,404
Work Song                 ,Real Book Eb 2.pdf,405
You Better Leave It Alone       ,Real Book Eb 2.pdf,405
Yana Amina                      ,Real Book Eb 2.pdf,406
Yardbird Suite                  ,Real Book Eb 2.pdf,407
You Stepped Out Of A Dream      ,Real Book Eb 2.pdf,408
You'd Be So Nice To Come Home To,Real Book Eb 2.pdf,409
Big “P”,Real Book Eb 2.pdf,410
Bill's Hit Tune,Real Book Eb 2.pdf,411
Bohemia After Dark,Real Book Eb 2.pdf,412
Hi-Fly,Real Book Eb 2.pdf,413
Byrdlike,Real Book Eb 2.pdf,413
Decision,Real Book Eb 2.pdf,414
Lunar-Tune,Real Book Eb 2.pdf,414
Little Rootie Tootie,Real Book Eb 2.pdf,415
Manteca             ,Real Book Eb 2.pdf,416
The Scene Is Clean,Real Book Eb 2.pdf,417
Sleeping'Bee A,Real Book Eb 2.pdf,418
Three Base Hit                         ,Real Book Eb 2.pdf,419
Webb City                 ,Real Book Eb 2.pdf,420
