Lookin' For Love,THEBOOK.pdf,14
New York  New York,THEBOOK.pdf,15
Fame,THEBOOK.pdf,16
Tomorrow,THEBOOK.pdf,17
After The Lovin',THEBOOK.pdf,18
I Don't Need Anything'But You,THEBOOK.pdf,19
You're Never Fully Dressed Without A Smile,THEBOOK.pdf,20
Best Is Yet To Come,THEBOOK.pdf,21
If I Ever Would Leave You,THEBOOK.pdf,23
I'll Remember April,THEBOOK.pdf,24
Tie A Yellow Ribbon,THEBOOK.pdf,25
Here's That Rainy Day,THEBOOK.pdf,27
Wine And Roses,THEBOOK.pdf,28
Shadow Of Your Smile  The,THEBOOK.pdf,29
Till There Was You,THEBOOK.pdf,30
Everlasting Love,THEBOOK.pdf,31
Best That You Can Do,THEBOOK.pdf,32
Theme From Arthur,THEBOOK.pdf,32
All Of You,THEBOOK.pdf,33
I Could Write A Book,THEBOOK.pdf,34
Believe It Or Not,THEBOOK.pdf,35
Theme From The Greastest American Hero,THEBOOK.pdf,35
My Romance,THEBOOK.pdf,37
Dancing On The Ceiling,THEBOOK.pdf,38
Stompin' At The Savoy,THEBOOK.pdf,39
Mr  Wonderful,THEBOOK.pdf,40
You're Nobody Till Somebody Love You,THEBOOK.pdf,41
Second Time Around  The,THEBOOK.pdf,42
I Wish You Love,THEBOOK.pdf,43
Taking A Chance On Love,THEBOOK.pdf,44
Elvira,THEBOOK.pdf,45
They're Playing My Song,THEBOOK.pdf,47
Lullaby Of Birdland,THEBOOK.pdf,49
Fine Romance  A,THEBOOK.pdf,50
Object Of My Affection,THEBOOK.pdf,51
September Song,THEBOOK.pdf,52
If I Had You,THEBOOK.pdf,53
Walkin' My Way Back Home,THEBOOK.pdf,54
I Only Have Eyes For You,THEBOOK.pdf,55
Rise,THEBOOK.pdf,56
April In Paris,THEBOOK.pdf,57
All The Things You Are,THEBOOK.pdf,58
Party's Over  The,THEBOOK.pdf,59
All Of Me,THEBOOK.pdf,60
Stella By Starlight,THEBOOK.pdf,61
What Is This Thing Called Love,THEBOOK.pdf,62
Just The Way You Are,THEBOOK.pdf,63
Halleluja,THEBOOK.pdf,65
Magic Is The Moonlight,THEBOOK.pdf,67
Somewhere My Love,THEBOOK.pdf,67
Gone With The Wind,THEBOOK.pdf,68
It Had To Be You,THEBOOK.pdf,69
Climb Ev'ry Mountain,THEBOOK.pdf,70
Moon Over Miami,THEBOOK.pdf,71
More,THEBOOK.pdf,72
Celebration,THEBOOK.pdf,73
When I Fall In Love,THEBOOK.pdf,75
As Long As He Needs Me,THEBOOK.pdf,76
I've Grown Accustomed To Her Face,THEBOOK.pdf,77
Sound Of Music  The,THEBOOK.pdf,78
Everybody Loves Somebody,THEBOOK.pdf,79
On A Clear Day,THEBOOK.pdf,80
You Steppen Out Of A Dream,THEBOOK.pdf,81
Have You Met Miss Jones,THEBOOK.pdf,82
There Will Never Be Another You,THEBOOK.pdf,83
Macho Man,THEBOOK.pdf,84
Hot Stuff,THEBOOK.pdf,85
Spring Is Here,THEBOOK.pdf,87
I Don't Know Why,THEBOOK.pdf,88
There I've Said It Again,THEBOOK.pdf,89
This Love Of Mine,THEBOOK.pdf,90
That Old Feeling,THEBOOK.pdf,91
Peg O' My Heart,THEBOOK.pdf,92
Linda,THEBOOK.pdf,93
You'll Never Know,THEBOOK.pdf,94
So Rare,THEBOOK.pdf,95
They Say That Falling In Love is Wonderful,THEBOOK.pdf,96
My Life,THEBOOK.pdf,97
I Will Survie,THEBOOK.pdf,99
In The Navy,THEBOOK.pdf,100
Smile,THEBOOK.pdf,101
For All We Know,THEBOOK.pdf,102
As Time Goes By,THEBOOK.pdf,103
I'll Never Smile Again,THEBOOK.pdf,104
I'll Get By,THEBOOK.pdf,105
Carolina In The Moring,THEBOOK.pdf,106
Gimme A Little Kiss,THEBOOK.pdf,107
Honey,THEBOOK.pdf,108
Shine On Harvest Moon,THEBOOK.pdf,109
Make Believe,THEBOOK.pdf,110
Why Do I Love You,THEBOOK.pdf,111
Evergreen,THEBOOK.pdf,112
Isn't She Lovely,THEBOOK.pdf,113
Suicide Is Painless,THEBOOK.pdf,114
Theme From M.A S H,THEBOOK.pdf,114
What I Did For Love,THEBOOK.pdf,115
What Are You Doing The Rest Of Life,THEBOOK.pdf,116
Misty,THEBOOK.pdf,117
Way We Were  The....,THEBOOK.pdf,118
San Francisco,THEBOOK.pdf,119
Speak Softly,THEBOOK.pdf,120
Endless Love,THEBOOK.pdf,121
One In A Million,THEBOOK.pdf,123
Theme From Ice Castles,THEBOOK.pdf,125
Star Dust,THEBOOK.pdf,126
Tenderly,THEBOOK.pdf,127
Sentimental Journey,THEBOOK.pdf,128
My Funny Valentine,THEBOOK.pdf,129
Deja Vu,THEBOOK.pdf,130
I Need Your Help,THEBOOK.pdf,131
Colour My World,THEBOOK.pdf,132
You Made Me Love You,THEBOOK.pdf,133
Makin' Whoopee,THEBOOK.pdf,134
Up The Lazy River,THEBOOK.pdf,135
Love Is A Many Splendered Thing,THEBOOK.pdf,136
Still,THEBOOK.pdf,137
Nobody Does It Better,THEBOOK.pdf,139
Little Girl Blue,THEBOOK.pdf,140
Nearness Of You  The,THEBOOK.pdf,141
Moonlight In Vermont,THEBOOK.pdf,142
Whats New,THEBOOK.pdf,143
When Sunny Gets Blue,THEBOOK.pdf,144
Autumn In New York,THEBOOK.pdf,145
Body And Soul,THEBOOK.pdf,146
YMCA,THEBOOK.pdf,147
Feelings,THEBOOK.pdf,148
Gypsy Rose,THEBOOK.pdf,149
One,THEBOOK.pdf,150
Sing,THEBOOK.pdf,152
Put On A Happy Face,THEBOOK.pdf,153
So What's New,THEBOOK.pdf,154
Somethings Gotta Give,THEBOOK.pdf,155
Lot Of Livin' To Do  A,THEBOOK.pdf,156
Could Be The Start Of Something Big,THEBOOK.pdf,157
Hello Dolly,THEBOOK.pdf,158
Mame,THEBOOK.pdf,159
On The Road Again,THEBOOK.pdf,160
Drivin' My Life Away,THEBOOK.pdf,161
Cabaret,THEBOOK.pdf,162
Wilkommen,THEBOOK.pdf,163
Too Close For Comfort,THEBOOK.pdf,164
On The Street Where You Live,THEBOOK.pdf,165
I Could Have Danced All Night,THEBOOK.pdf,166
It's A Lovely Day Today,THEBOOK.pdf,167
Sweetest Sounds  The,THEBOOK.pdf,168
No Strings,THEBOOK.pdf,169
Steady-Steady.,THEBOOK.pdf,170
Witchcraft,THEBOOK.pdf,171
Make Someone Happy.,THEBOOK.pdf,172
Just In Time,THEBOOK.pdf,173
Get Me To Church On Time,THEBOOK.pdf,174
Love,THEBOOK.pdf,175
But Not For Me,THEBOOK.pdf,176
Mack The Knife,THEBOOK.pdf,177
Oh Babe,THEBOOK.pdf,178
Applause,THEBOOK.pdf,179
Ring My Bell,THEBOOK.pdf,180
Kids,THEBOOK.pdf,182
Lady Is A Tramp  The,THEBOOK.pdf,183
I'd Do Anything,THEBOOK.pdf,184
Do Re Mi,THEBOOK.pdf,185
Always True To My Fashion,THEBOOK.pdf,186
S'Wonderful,THEBOOK.pdf,187
Red Roses For A Blue Lady,THEBOOK.pdf,188
One Of Those Songs,THEBOOK.pdf,189
Chicago,THEBOOK.pdf,190
Hustle  The,THEBOOK.pdf,191
Rhinestone Cowboy,THEBOOK.pdf,193
I Won't Dance,THEBOOK.pdf,194
Anything Goes,THEBOOK.pdf,195
If My Friends Could See Me Now,THEBOOK.pdf,196
Shall We Dance,THEBOOK.pdf,197
Thou Swell,THEBOOK.pdf,198
Cheek To Cheek,THEBOOK.pdf,199
It's All Right With Me,THEBOOK.pdf,200
Continental  The,THEBOOK.pdf,201
Crazy Rhythm,THEBOOK.pdf,203
Fascinating Rhythm,THEBOOK.pdf,204
You're The Top,THEBOOK.pdf,205
It's Delovely,THEBOOK.pdf,206
Almost Like Being In Love,THEBOOK.pdf,207
Sunny,THEBOOK.pdf,208
Say It With Music,THEBOOK.pdf,209
Best Things In Life Are Free,THEBOOK.pdf,210
Night And Day,THEBOOK.pdf,211
Rosetta,THEBOOK.pdf,212
Just One Of Those Things,THEBOOK.pdf,213
From This Moment On,THEBOOK.pdf,214
It Only Takes A Moment,THEBOOK.pdf,215
You Do Something To Me,THEBOOK.pdf,216
So In Love,THEBOOK.pdf,217
Ease On Down The Road,THEBOOK.pdf,218
Oklahoma,THEBOOK.pdf,220
People Will Say We're In Love,THEBOOK.pdf,221
Bye Bye Blackbird,THEBOOK.pdf,222
April Showers,THEBOOK.pdf,223
Baby Face,THEBOOK.pdf,225
Ain't She Sweet,THEBOOK.pdf,226
Toot Toot Tootsie,THEBOOK.pdf,226
If You Knew Suzie,THEBOOK.pdf,227
Margie,THEBOOK.pdf,228
I Want A Girl,THEBOOK.pdf,229
Five Foot Two,THEBOOK.pdf,230
Four Leaf Clover,THEBOOK.pdf,231
You Are The Sunshine Of My Life,THEBOOK.pdf,232
Music Goes "Round and 'Round,THEBOOK.pdf,233
Tangerine,THEBOOK.pdf,234
Foggy Day,THEBOOK.pdf,236
I Get A Kick Out Of You,THEBOOK.pdf,236
My Kind Of Town,THEBOOK.pdf,237
Green Dolphin Street,THEBOOK.pdf,238
Norwegian Wood,THEBOOK.pdf,239
Yesterday,THEBOOK.pdf,240
Michelle,THEBOOK.pdf,241
And I Love Her,THEBOOK.pdf,242
All My Loving,THEBOOK.pdf,243
Eleanor Rigby,THEBOOK.pdf,244
Day Tripper,THEBOOK.pdf,245
Sgt. Peppers Lonely Hearts Club band,THEBOOK.pdf,247
Eight Days A Week,THEBOOK.pdf,249
Basic Rhythm  For Bossa Nova,THEBOOK.pdf,250
Girl From Ipanema,THEBOOK.pdf,251
Quiet Nights,THEBOOK.pdf,253
Meditation,THEBOOK.pdf,254
Wave,THEBOOK.pdf,255
Watch What Happens,THEBOOK.pdf,256
Orpheus,THEBOOK.pdf,257
Recado,THEBOOK.pdf,258
Desifinado,THEBOOK.pdf,259
One Note Samba,THEBOOK.pdf,260
Spanish Eyes,THEBOOK.pdf,262
Basic Rhythm For Slow Rhumba(Bolero),THEBOOK.pdf,263
Cuando Calienta el Sol,THEBOOK.pdf,263
Yellow Days,THEBOOK.pdf,264
Green Eyes,THEBOOK.pdf,266
What A Difference A Day Made,THEBOOK.pdf,267
Come Closer To Me,THEBOOK.pdf,268
Sway,THEBOOK.pdf,269
Basic Rhythm For Cha Cha,THEBOOK.pdf,270
Never On Sunday,THEBOOK.pdf,271
Poco Pelo,THEBOOK.pdf,272
Vasilon,THEBOOK.pdf,273
Guantanamera,THEBOOK.pdf,274
Lesson In Cha Cha,THEBOOK.pdf,275
Basic Rhythm For Merengue,THEBOOK.pdf,276
Compadre Pedro Juan,THEBOOK.pdf,277
El Negrito Del Batey,THEBOOK.pdf,278
UniverSal,THEBOOK.pdf,279
La Cruz,THEBOOK.pdf,280
Tropical,THEBOOK.pdf,281
Basic Rhythm For Samba,THEBOOK.pdf,282
Brazil,THEBOOK.pdf,283
Quando  Quando,THEBOOK.pdf,285
Basic Rhythm  For Calypso,THEBOOK.pdf,286
Yellow Bird,THEBOOK.pdf,287
Matilda,THEBOOK.pdf,288
Jamaica Farewell,THEBOOK.pdf,289
Basic Rhythm For Tango,THEBOOK.pdf,290
La Compasita,THEBOOK.pdf,291
bericho Viejo,THEBOOK.pdf,293
Basic Rhythm For Mambo,THEBOOK.pdf,296
Adois Muchachos,THEBOOK.pdf,295
C Mambo,THEBOOK.pdf,297
Basic Rhythm For Paso Doble,THEBOOK.pdf,298
Espana Cani,THEBOOK.pdf,299
El Currito De La Cruz,THEBOOK.pdf,301
El Relicario,THEBOOK.pdf,303
Basic Rhythm For Hora,THEBOOK.pdf,304
Hatikvoh,THEBOOK.pdf,305
Hava Nagilah,THEBOOK.pdf,306
Harmonika,THEBOOK.pdf,307
Hevenu Shalom Alehem,THEBOOK.pdf,307
Jerusalem Of Gold,THEBOOK.pdf,308
Simka Dance,THEBOOK.pdf,309
Ur'e Vonim,THEBOOK.pdf,309
Kosatski,THEBOOK.pdf,310
Too Life .e,THEBOOK.pdf,311
If I Were A Rich Man,THEBOOK.pdf,312
Fiddler On The Roof,THEBOOK.pdf,313
Bashana,THEBOOK.pdf,314
Simantov And Mazeltov,THEBOOK.pdf,315
Romulus,THEBOOK.pdf,316
Tzena Tzena,THEBOOK.pdf,317
Do Di Li,THEBOOK.pdf,318
Mayim Mayim,THEBOOK.pdf,319
Getting Sentimental Over You,THEBOOK.pdf,320
Ciribiribin,THEBOOK.pdf,321
Man With A Horn,THEBOOK.pdf,322
Cherokee,THEBOOK.pdf,323
I Can't Get Started,THEBOOK.pdf,324
Auld Lang Syne,THEBOOK.pdf,325
We're All Alone,THEBOOK.pdf,326
Copacabana,THEBOOK.pdf,327
I Made' It Thru The Rain,THEBOOK.pdf,329
Ships,THEBOOK.pdf,331
Can't Smile Without You,THEBOOK.pdf,333
Lonely Together,THEBOOK.pdf,335
Looks Like We Made It,THEBOOK.pdf,337
This One's For You,THEBOOK.pdf,338
Weekend In New England,THEBOOK.pdf,339
I Write The Songs,THEBOOK.pdf,341
Santin Doll,THEBOOK.pdf,343
Take The "A" Train,THEBOOK.pdf,344
In A Mellow Tone,THEBOOK.pdf,345
Prelude To A Kiss,THEBOOK.pdf,346
I Let A Song Go Out Of My Heart,THEBOOK.pdf,347
Sophisticated Lady,THEBOOK.pdf,348
Solitude,THEBOOK.pdf,349
In A Sentimental Mood,THEBOOK.pdf,350
I Got It Bad,THEBOOK.pdf,351
It Don't Mean A Thing,THEBOOK.pdf,352
Mood Indigo,THEBOOK.pdf,353
Cottontail,THEBOOK.pdf,354
You Light Up My Life,THEBOOK.pdf,355
Boy Next Door,THEBOOK.pdf,356
Edelweiss,THEBOOK.pdf,357
Bluesette,THEBOOK.pdf,358
Tennessee Waltz,THEBOOK.pdf,359
Love Makes The World Go 'Round,THEBOOK.pdf,360
Fascination,THEBOOK.pdf,361
Around The World,THEBOOK.pdf,362
Try To Remember,THEBOOK.pdf,363
Fly Me To The Moon,THEBOOK.pdf,364
Always,THEBOOK.pdf,365
Waltz You Saved For Me  The,THEBOOK.pdf,366
Anniversary Waltz,THEBOOK.pdf,367
Oh What A Beautiful Morning,THEBOOK.pdf,368
Anniversary Song,THEBOOK.pdf,369
Sunrise Sunset,THEBOOK.pdf,370
Matchmaker,THEBOOK.pdf,371
Moonlight Serenade,THEBOOK.pdf,372
String Of Pearls,THEBOOK.pdf,374
In The Mood,THEBOOK.pdf,375
Chattanooga Choo Choo,THEBOOK.pdf,377
Tuxedo Juncition,THEBOOK.pdf,379
Little Brown Jug,THEBOOK.pdf,381
American Patrol,THEBOOK.pdf,383
And The Angels Sing,THEBOOK.pdf,385
For The Good Times,THEBOOK.pdf,387
Take Me Home  Country Roads,THEBOOK.pdf,388
Make The World Go Away,THEBOOK.pdf,389
Release Me,THEBOOK.pdf,390
Anytime,THEBOOK.pdf,391
Ramblin' Rose,THEBOOK.pdf,392
San Antonio Rose,THEBOOK.pdf,393
Okie From Muskogee,THEBOOK.pdf,394
King Of The Road,THEBOOK.pdf,395
Charleston,THEBOOK.pdf,396
Muskat Ramble,THEBOOK.pdf,397
Twelfth Street Rag,THEBOOK.pdf,399
When The Saints Go Marching In,THEBOOK.pdf,401
Back Home In  Indiana,THEBOOK.pdf,402
Sweet Georgia Brown,THEBOOK.pdf,403
Alexanders Ragtime Band,THEBOOK.pdf,404
Bill Bailey,THEBOOK.pdf,405
Java,THEBOOK.pdf,406
Do You Know What It Means To Miss New Orleans,THEBOOK.pdf,407
Way Down Yonder In New Orleans,THEBOOK.pdf,407
Basin Street Blues,THEBOOK.pdf,409
Alley Cat,THEBOOK.pdf,410
Hokey Pokey,THEBOOK.pdf,411
Night Train,THEBOOK.pdf,412
Song Of The Flame,THEBOOK.pdf,413
Colonel Bogey,THEBOOK.pdf,414
Mendelssohn's Wedding March,THEBOOK.pdf,415
Here Comes The Bride,THEBOOK.pdf,416
Pennsylvania Polka,THEBOOK.pdf,417
Pennsylvania 6-5000,THEBOOK.pdf,417
Beer Barrel Polka,THEBOOK.pdf,420
Clarinet Polka,THEBOOK.pdf,420
Domino Polka,THEBOOK.pdf,421
Too Fat Polka,THEBOOK.pdf,421
Krakoviak,THEBOOK.pdf,422
I Love Paris,THEBOOK.pdf,423
C'est Magnifique,THEBOOK.pdf,424
Poor People Of Paris,THEBOOK.pdf,425
M' Lord,THEBOOK.pdf,426
Night They Invented Champagne,THEBOOK.pdf,427
Autumn Leaves,THEBOOK.pdf,428
La Vien Rose,THEBOOK.pdf,429
La Mer,THEBOOK.pdf,430
J'Attendrai,THEBOOK.pdf,431
Ca  C'est L'Amour,THEBOOK.pdf,432
Say Si Bon,THEBOOK.pdf,433
Under Paris Skies,THEBOOK.pdf,435
Pigalle,THEBOOK.pdf,437
Allez Vous En,THEBOOK.pdf,439
Dixie,THEBOOK.pdf,440
Yankee Doodle Dandy,THEBOOK.pdf,441
It's A Grand Old Flag,THEBOOK.pdf,442
Hey Look Me Over,THEBOOK.pdf,443
Lichenstein Polka,THEBOOK.pdf,444
Du Du Liegst Min In Herzen,THEBOOK.pdf,445
Trink  Trink Brudevlein Trink.,THEBOOK.pdf,445
In Munchen Steht ein Hofbrau Haug,THEBOOK.pdf,446
Das Ganze Haus 1st Schief,THEBOOK.pdf,447
Kornblumen Blau,THEBOOK.pdf,449
Schon ist die Liebe im Hafen,THEBOOK.pdf,451
Deutschmeister Regiments Marsch,THEBOOK.pdf,453
Wo Die Nordsee Wellen,THEBOOK.pdf,455
Auf Der Reeperbuhn Nachts um Hulb eins,THEBOOK.pdf,456
Arrivederci Roma,THEBOOK.pdf,457
Mala Femmena,THEBOOK.pdf,458
Volare,THEBOOK.pdf,460
Al Di La,THEBOOK.pdf,459
Ciao  Ciao Bambino,THEBOOK.pdf,461
Torno A. Surriento,THEBOOK.pdf,462
O Solo Mio,THEBOOK.pdf,463
Vieni Sul Mar,THEBOOK.pdf,464
Santa Lucia,THEBOOK.pdf,466
Ah  Marie,THEBOOK.pdf,465
La Spagriola,THEBOOK.pdf,467
Tra Veglia e Sonno,THEBOOK.pdf,468
La Napoletana,THEBOOK.pdf,469
Quadrighia,THEBOOK.pdf,470
Tarantella,THEBOOK.pdf,471
Misirlou,THEBOOK.pdf,472
Mustapha,THEBOOK.pdf,473
Uska Dara,THEBOOK.pdf,474
Sirtos,THEBOOK.pdf,475
Katinaki,THEBOOK.pdf,476
Myptia,THEBOOK.pdf,477
Evangelina,THEBOOK.pdf,478
Sirto,THEBOOK.pdf,480
Ta Matia,THEBOOK.pdf,482
When Irish Eyes Are Smiling,THEBOOK.pdf,483
My Wild Irish Rose,THEBOOK.pdf,484
Daughter Of Rosie O'Grady,THEBOOK.pdf,485
Danny Boy,THEBOOK.pdf,486
Too-Ra-Loo-Ra-Loo-Ra,THEBOOK.pdf,487
Wearing Of The Green,THEBOOK.pdf,488
St. Patricks Day Jig,THEBOOK.pdf,489
Irish Washerwoman,THEBOOK.pdf,490
It's The Same Old Shillelagh,THEBOOK.pdf,491
MacNamara's Band,THEBOOK.pdf,492
It's A Great Day For The Irish,THEBOOK.pdf,493
My Tani,THEBOOK.pdf,494
Red Sails In The Sunset,THEBOOK.pdf,495
Keep Your Eyes On The Hands,THEBOOK.pdf,496
Little Brown Gal,THEBOOK.pdf,498
Hook-I-Lau,THEBOOK.pdf,499
Lovely Hula Hands,THEBOOK.pdf,500
My Little Grass Shack,THEBOOK.pdf,501
Song Of The Islands,THEBOOK.pdf,502
Hawaiian Wedding Song,THEBOOK.pdf,504
Moon Of Manakoora  The,THEBOOK.pdf,505
Wunderbar,THEBOOK.pdf,506
Tales From Vienna Woods,THEBOOK.pdf,507
Artists Life,THEBOOK.pdf,509
Beyond The Reef,THEBOOK.pdf,509
Heart Beats In 3/4 Time,THEBOOK.pdf,511
Emperor Waltz,THEBOOK.pdf,512
Vienna Dreams,THEBOOK.pdf,513
